"","movie_id","director_id","director_name"
"1",10112,57314,"Wolfgang Reitherman"
"2",9062,133259,"Arthur Hiller"
"3",10671,24939,"George Seaton"
"4",11202,13265,"Franklin J. Schaffner"
"5",651,9789,"Robert Altman"
"6",9459,57885,"Michael Wadleigh"
"7",11165,68412,"Toshio Masuda"
"8",11165,31074,"Kinji Fukasaku"
"9",11165,2087,"Richard Fleischer"
"10",11040,6448,"Arthur Penn"
"11",38953,12238,"David Lean"
"12",10364,5342,"Mike Nichols"
"13",46691,16513,"John G. Avildsen"
"14",1685,18635,"Ted Post"
"15",26617,19450,"Bob Rafelson"
"16",38222,13980,"Vincente Minnelli"
"17",5722,4590,"Russ Meyer"
"18",38765,51875,"Andrew V. McLaglen"
"19",13765,7501,"Ronald Neame"
"20",11589,54451,"Brian G. Hutton"
"21",11916,14773,"Don Siegel"
"22",23330,7767,"Sam Peckinpah"
"23",98491,20937,"Robert Fuest"
"24",94201,6778,"John Guillermin"
"25",71943,29648,"Dan Curtis"
"26",34377,15175,"William Friedkin"
"27",42586,1927,"Blake Edwards"
"28",33157,38131,"Sergey Bondarchuk"
"29",40973,97958,"Michael Sarne"
"30",85290,18592,"Tom Gries"
"31",42345,18854,"Martin Ritt"
"32",24918,14639,"Mel Brooks"
"33",44721,64508,"Sidney J. Furie"
"34",5185,3146,"Billy Wilder"
"35",28733,101743,"Bob Kelljan"
"36",2998,15189,"Michelangelo Antonioni"
"37",28681,931246,"Jack Woods"
"38",28681,3993,"Dennis Muren"
"39",42533,15959,"Richard Compton"
"40",14801,15663,"Joseph Sargent"
"41",473722,1612110,"Helmy Rafla"
"42",473722,2535133,"Sherif Hamouda"
"43",1168799,35475,"Sean S. Cunningham"
"44",669777,1320670,"Yücel Uçanoğlu"
"45",259076,1300654,"Hugh MacDonald"
"46",838628,1612110,"Helmy Rafla"
"47",598749,1471059,"Nikos Tzimas"
"48",1401866,1345788,"Nizar Charaby"
"49",681,9915,"Guy Hamilton"
"50",14811,13563,"Norman Jewison"
"51",11951,21544,"Richard C. Sarafian"
"52",1051,15175,"William Friedkin"
"53",984,14773,"Don Siegel"
"54",25188,39012,"Peter Bogdanovich"
"55",36492,5342,"Mike Nichols"
"56",185,240,"Stanley Kubrick"
"57",12335,5834,"Robert Stevenson"
"58",5822,135650,"Melvin Van Peebles"
"59",466,6349,"Alan J. Pakula"
"60",10514,1744,"Robert Wise"
"61",1687,9108,"Don Taylor"
"62",482,6558,"Gordon Parks"
"63",11302,1243,"Woody Allen"
"64",31767,32327,"Ken Russell"
"65",15393,190,"Clint Eastwood"
"66",42517,31310,"Jack Hill"
"67",139324,29765,"Marvin J. Chomsky"
"68",21717,94096,"George Sherman"
"69",105254,6648,"Ingmar Bergman"
"70",38654,149929,"Étienne Périer"
"71",117213,1075486,"Albert T. Viola"
"72",36850,58251,"Elaine May"
"73",30941,39996,"Sidney Lumet"
"74",252,3451,"Mel Stuart"
"75",994,7767,"Sam Peckinpah"
"76",31515,32327,"Ken Russell"
"77",39464,235715,"Yoshimitsu Banno"
"78",636,1,"George Lucas"
"79",27554,98199,"Jerry Schatzberg"
"80",71945,29648,"Dan Curtis"
"81",27431,4955,"Dario Argento"
"82",31906,14773,"Don Siegel"
"83",11316,3556,"Roman Polanski"
"84",108723,40378,"George McCowan"
"85",26405,16544,"Ted Kotcheff"
"86",8416,4956,"Bernardo Bertolucci"
"87",3122,30647,"Mel Welles"
"88",3122,30648,"Aureliano Luppi"
"89",226245,97278,"Atıf Yılmaz"
"90",414817,1206107,"Zlatko Grgić"
"91",707992,2646896,"Hussain Al-Saleh"
"92",565927,2186674,"Sharif Nayyar"
"93",9267,57073,"Ian MacNaughton"
"94",839,488,"Steven Spielberg"
"95",238,1776,"Francis Ford Coppola"
"96",11713,70334,"Lo Wei"
"97",12593,16384,"Ralph Bakshi"
"98",551,7501,"Ronald Neame"
"99",6949,39012,"Peter Bogdanovich"
"100",10669,19665,"John Boorman"
"101",11943,2226,"Sydney Pollack"
"102",10784,66777,"Bob Fosse"
"103",5916,7767,"Sam Peckinpah"
"104",1643,4956,"Bernardo Bertolucci"
"105",21968,88148,"Gordon Parks Jr."
"106",9462,19429,"Bruce Lee"
"107",1842,66224,"Charles B. Pierce"
"108",23148,64508,"Sidney J. Furie"
"109",11624,1243,"Woody Allen"
"110",573,2636,"Alfred Hitchcock"
"111",45793,133259,"Arthur Hiller"
"112",493,6558,"Gordon Parks"
"113",1688,18669,"J. Lee Thompson"
"114",15573,21958,"Mark Rydell"
"115",87514,6778,"John Guillermin"
"116",692,10367,"John Waters"
"117",993,10601,"Joseph L. Mankiewicz"
"118",32061,224872,"Byron Chudnow"
"119",144662,91677,"Donald W. Thompson"
"120",46059,12804,"Peter Yates"
"121",42492,10930,"Irvin Kershner"
"122",28358,32576,"Rolf Olsen"
"123",12530,3146,"Billy Wilder"
"124",14902,129514,"Peter H. Hunt"
"125",21711,12964,"Michael Ritchie"
"126",1324358,2646896,"Hussain Al-Saleh"
"127",1000736,1303309,"Fatin Abdel Wahab"
"128",4593,793,"Luis Buñuel"
"129",40983,6840,"Larry Hagman"
"130",2000,6818,"Werner Herzog"
"131",1272903,4646283,"محمد عبدالسلام"
"132",9552,15175,"William Friedkin"
"133",9277,9577,"George Roy Hill"
"134",838,1,"George Lucas"
"135",253,9915,"Guy Hamilton"
"136",5924,13265,"Franklin J. Schaffner"
"137",10236,2226,"Sydney Pollack"
"138",103079,33125,"Shirō Moritani"
"139",25473,29907,"Phil Karlson"
"140",11886,57314,"Wolfgang Reitherman"
"141",11293,39012,"Peter Bogdanovich"
"142",9040,39996,"Sidney Lumet"
"143",12545,13563,"Norman Jewison"
"144",2926,10586,"Richard Lester"
"145",9461,57727,"Robert Clouse"
"146",39264,30561,"Jun Fukuda"
"147",11561,1243,"Woody Allen"
"148",11901,190,"Clint Eastwood"
"149",11577,7767,"Sam Peckinpah"
"150",14886,4964,"Hal Ashby"
"151",2362,4782,"Michael Crichton"
"152",1705,18669,"J. Lee Thompson"
"153",31587,98199,"Jerry Schatzberg"
"154",22021,31310,"Jack Hill"
"155",97519,29646,"Charles Jarrott"
"156",203,1032,"Martin Scorsese"
"157",1040246,1379330,"Ravi Tandon"
"158",28110,8328,"John Milius"
"159",29735,13859,"Stuart Rosenberg"
"160",67696,16897,"Sidney Poitier"
"161",56150,543946,"Hall Bartlett"
"162",30593,16384,"Ralph Bakshi"
"163",494,6778,"John Guillermin"
"164",85970,42171,"Jonathan Kaplan"
"165",31605,1214133,"Lamont Johnson"
"166",28797,8333,"Eddie Romero"
"167",22307,1150,"Brian De Palma"
"168",1847,9789,"Robert Altman"
"169",16307,80261,"Robin Hardy"
"170",1675,1650,"François Truffaut"
"171",514059,1180749,"Henry Barakat"
"172",40374,190,"Clint Eastwood"
"173",29425,14999,"George A. Romero"
"174",8327,55119,"Alejandro Jodorowsky"
"175",103314,64508,"Sidney J. Furie"
"176",1236429,4501511,"Mohamed Bassiony"
"177",93164,543652,"Ritwik Ghatak"
"178",1276524,2452600,"Nabil Abd El Azim"
"179",11072,14639,"Mel Brooks"
"180",5919,6778,"John Guillermin"
"181",27932,30422,"Jack Smight"
"182",240,1776,"Francis Ford Coppola"
"183",682,9915,"Guy Hamilton"
"184",3034,14639,"Mel Brooks"
"185",11123,19457,"Mark Robson"
"186",13939,19244,"Michael Winner"
"187",4985,18392,"Robert Aldrich"
"188",16246,58499,"H.B. Halicki"
"189",4176,39996,"Sidney Lumet"
"190",30497,10051,"Tobe Hooper"
"191",829,3556,"Roman Polanski"
"192",11034,25630,"Jack Clayton"
"193",8348,12114,"Michael Cimino"
"194",16153,1032,"Martin Scorsese"
"195",24402,38007,"Just Jaeckin"
"196",33740,145797,"Jack Haley Jr."
"197",42450,15959,"Richard Compton"
"198",987,3146,"Billy Wilder"
"199",5121,488,"Steven Spielberg"
"200",29845,11147,"John Cassavetes"
"201",753187,225372,"Hossam El Dine Mostafa"
"202",28153,19266,"Larry Cohen"
"203",29464,16897,"Sidney Poitier"
"204",35275,69300,"Gene Saks"
"205",1392886,1628086,"Mohammad Radi"
"206",592,1776,"Francis Ford Coppola"
"207",42448,47773,"Paul Mazursky"
"208",27085,95329,"Kevin Connor"
"209",38925,121643,"Stephen Verona"
"210",38925,89373,"Martin Davidson"
"211",16938,12698,"Bob Clark"
"212",14683,1180949,"Robert Taylor"
"213",52979,31074,"Kinji Fukasaku"
"214",4923,19665,"John Boorman"
"215",42451,16544,"Ted Kotcheff"
"216",28415,2226,"Sydney Pollack"
"217",37627,13284,"Stanley Donen"
"218",11942,7767,"Sam Peckinpah"
"219",695068,225372,"Hossam El Dine Mostafa"
"220",488348,1927407,"Saad Arafa"
"221",27327,1150,"Brian De Palma"
"222",216,2725,"Rainer Werner Fassbinder"
"223",746215,2260354,"Ahmed Diaa Aldin"
"224",603843,1332883,"Aram Gülyüz"
"225",1105975,127945,"Kamal El Sheikh"
"226",1099338,3960633,"Zaky Saleh"
"227",14267,10367,"John Waters"
"228",578,488,"Steven Spielberg"
"229",36685,13484,"Jim Sharman"
"230",510,3974,"Miloš Forman"
"231",31121,4964,"Hal Ashby"
"232",968,39996,"Sidney Lumet"
"233",11843,1927,"Blake Edwards"
"234",11963,2226,"Sydney Pollack"
"235",39282,18378,"Herbert Ross"
"236",47178,67834,"Floyd Mutrux"
"237",11326,32327,"Ken Russell"
"238",3175,240,"Stanley Kubrick"
"239",11484,13563,"Norman Jewison"
"240",78353,13284,"Stanley Donen"
"241",19740,9577,"George Roy Hill"
"242",11686,1243,"Woody Allen"
"243",29859,3460,"Gene Wilder"
"244",17538,13779,"Stuart Millar"
"245",5725,4590,"Russ Meyer"
"246",31671,18592,"Tom Gries"
"247",39154,114518,"Bill Rebane"
"248",20187,190,"Clint Eastwood"
"249",35711,77300,"Michael Schultz"
"250",10711,13776,"John Frankenheimer"
"251",19174,109086,"D'Urville Martin"
"252",29473,16897,"Sidney Poitier"
"253",4990,18392,"Robert Aldrich"
"254",3121,9789,"Robert Altman"
"255",14815,8328,"John Milius"
"256",12223,31439,"Bryan Forbes"
"257",13282,101377,"Paul Bartel"
"258",4917,8262,"L.Q. Jones"
"259",762,10707,"Terry Jones"
"260",762,280,"Terry Gilliam"
"261",11020,2690,"Peter Weir"
"262",22094,1723,"Walter Hill"
"263",12259,85446,"Ramesh Sippy"
"264",32620,13859,"Stuart Rosenberg"
"265",8043,18592,"Tom Gries"
"266",18710,102627,"Steve Carver"
"267",1835,19333,"Dick Richards"
"268",84259,34611,"Howard Zieff"
"269",4704,39012,"Peter Bogdanovich"
"270",31604,7767,"Sam Peckinpah"
"271",27429,224,"David Cronenberg"
"272",693735,1435587,"Hassan Al-Imam"
"273",220002,1776922,"Ergin Orbey"
"274",1396,8452,"Andrei Tarkovsky"
"275",220007,1186108,"Hulki Saner"
"276",3410,31755,"Nejat Saydam"
"277",697191,1300037,"Salah Abu Seif"
"278",983,6593,"John Huston"
"279",1366,16513,"John G. Avildsen"
"280",11422,30422,"Jack Smight"
"281",10730,6778,"John Guillermin"
"282",19610,13861,"Frank Pierson"
"283",891,6349,"Alan J. Pakula"
"284",794,7187,"Richard Donner"
"285",11558,133259,"Arthur Hiller"
"286",10649,66222,"James Fargo"
"287",23479,12964,"Michael Ritchie"
"288",10970,14639,"Mel Brooks"
"289",12268,1927,"Blake Edwards"
"290",7340,1150,"Brian De Palma"
"291",10747,190,"Clint Eastwood"
"292",103,1032,"Martin Scorsese"
"293",42239,40242,"Max Baer Jr."
"294",10803,20412,"Michael Anderson"
"295",5228,19450,"Bob Rafelson"
"296",10774,39996,"Sidney Lumet"
"297",10518,19304,"John Schlesinger"
"298",32037,16566,"George P. Cosmatos"
"299",26842,66203,"Moustapha Akkad"
"300",42252,6448,"Arthur Penn"
"301",51213,34580,"Henri Verneuil"
"302",5854,2636,"Alfred Hitchcock"
"303",76715,97205,"Kon Ichikawa"
"304",26176,12804,"Peter Yates"
"305",6883,51373,"Larry Peerce"
"306",96696,64508,"Sidney J. Furie"
"307",5002,40549,"Daniel Petrie"
"308",4780,1150,"Brian De Palma"
"309",10640,35525,"Richard T. Heffron"
"310",54613,50567,"Melvin Frank"
"311",100922,14674,"George Cukor"
"312",26398,95329,"Kevin Connor"
"313",21950,88096,"Michael Miller"
"314",5336,5970,"Pier Paolo Pasolini"
"315",21241,101377,"Paul Bartel"
"316",25699,96934,"Bo Widerberg"
"317",38794,121422,"Kartal Tibet"
"318",370378,1542059,"Ivo Dvorák"
"319",371979,120224,"Fereydoun Gole"
"320",1129566,1242372,"Humphrey Burton"
"321",1129563,1242372,"Humphrey Burton"
"322",1127534,1242372,"Humphrey Burton"
"323",1127529,1242372,"Humphrey Burton"
"324",1127509,1242372,"Humphrey Burton"
"325",1127266,1242372,"Humphrey Burton"
"326",1267683,2468401,"Elaine Shemilt"
"327",11,1,"George Lucas"
"328",840,488,"Steven Spielberg"
"329",11009,12840,"John Badham"
"330",691,10076,"Lewis Gilbert"
"331",11319,57314,"Wolfgang Reitherman"
"332",11319,69003,"John Lounsbery"
"333",11319,67607,"Art Stevens"
"334",11006,67767,"Hal Needham"
"335",20416,12804,"Peter Yates"
"336",7227,52094,"Jerry Jameson"
"337",5902,4786,"Richard Attenborough"
"338",703,1243,"Woody Allen"
"339",83061,128947,"Jeremy Kagan"
"340",12535,14639,"Mel Brooks"
"341",11586,19665,"John Boorman"
"342",11590,9577,"George Roy Hill"
"343",17689,190,"Clint Eastwood"
"344",12262,5140,"Wes Craven"
"345",42222,4065,"Fred Zinnemann"
"346",30315,97966,"John ""Bud"" Cardos"
"347",12637,1032,"Martin Scorsese"
"348",31037,15663,"Joseph Sargent"
"349",11940,21520,"Sam Wanamaker"
"350",50374,13776,"John Frankenheimer"
"351",12707,20412,"Michael Anderson"
"352",24109,16544,"Ted Kotcheff"
"353",19108,84102,"Don Hulette"
"354",11935,37710,"Peter Hyams"
"355",142058,158955,"Joan Darling"
"356",42217,2226,"Sydney Pollack"
"357",38985,15175,"William Friedkin"
"358",16220,16384,"Ralph Bakshi"
"359",25763,30422,"Jack Smight"
"360",10670,15630,"James Goldstone"
"361",985,5602,"David Lynch"
"362",38268,30561,"Jun Fukuda"
"363",49158,103129,"Ovidio G. Assonitis"
"364",27591,95329,"Kevin Connor"
"365",42218,101225,"Bert I. Gordon"
"366",72277,2690,"Peter Weir"
"367",71996,67753,"Mark L. Lester"
"368",10839,7767,"Sam Peckinpah"
"369",36748,116100,"Richard Williams"
"370",994805,5022709,"محمد السيد عيسى"
"371",99846,101891,"Gus Trikonis"
"372",25388,19333,"Dick Richards"
"373",1106424,225372,"Hossam El Dine Mostafa"
"374",11834,280,"Terry Gilliam"
"375",996174,4581526,"Mohamed alsayed eisa"
"376",504352,1975671,"Farzan Deljou"
"377",504352,1975676,"Amir Mojahed"
"378",290106,1084249,"Roman Kachanov"
"379",41662,9789,"Robert Altman"
"380",621,8876,"Randal Kleiser"
"381",1924,7187,"Richard Donner"
"382",579,16187,"Jeannot Szwarc"
"383",8469,4610,"John Landis"
"384",12185,6449,"Warren Beatty"
"385",12185,7795,"Buck Henry"
"386",15417,66222,"James Fargo"
"387",16214,67767,"Hal Needham"
"388",6081,1927,"Blake Edwards"
"389",11778,12114,"Michael Cimino"
"390",35976,16475,"Burt Reynolds"
"391",15659,4967,"Colin Higgins"
"392",9584,7767,"Sam Peckinpah"
"393",65665,68412,"Toshio Masuda"
"394",65665,78014,"Leiji Matsumoto"
"395",11327,9168,"Alan Parker"
"396",31657,4964,"Hal Ashby"
"397",123,16384,"Ralph Bakshi"
"398",36361,34611,"Howard Zieff"
"399",10766,9108,"Don Taylor"
"400",11850,648,"Philip Kaufman"
"401",38731,47773,"Paul Mazursky"
"402",12611,1150,"Brian De Palma"
"403",34193,4786,"Richard Attenborough"
"404",24961,39996,"Sidney Lumet"
"405",4484,24380,"Édouard Molinaro"
"406",28932,13563,"Norman Jewison"
"407",36759,77300,"Michael Schultz"
"408",29143,10930,"Irvin Kershner"
"409",37672,8482,"Robert Mulligan"
"410",16241,13265,"Franklin J. Schaffner"
"411",42205,18635,"Ted Post"
"412",4192,6778,"John Guillermin"
"413",24153,54590,"Steve Rash"
"414",57578,18669,"J. Lee Thompson"
"415",42213,128947,"Jeremy Kagan"
"416",26973,15389,"Louis Malle"
"417",42215,19800,"Richard Marquand"
"418",15867,1243,"Woody Allen"
"419",23397,140354,"Ulu Grosbard"
"420",7010,51875,"Andrew V. McLaglen"
"421",204559,82949,"Koreyoshi Kurahara"
"422",46878,7506,"Irwin Allen"
"423",20863,13861,"Frank Pierson"
"424",17339,9915,"Guy Hamilton"
"425",23916,16483,"Sylvester Stallone"
"426",14839,1035,"Paul Schrader"
"427",2153,1723,"Walter Hill"
"428",30143,554360,"Soji Yoshikawa"
"429",11837,70663,"Martin Rosen"
"430",16642,30715,"Terrence Malick"
"431",116760,70308,"Ken Hughes"
"432",698,10076,"Lewis Gilbert"
"433",28,1776,"Francis Ford Coppola"
"434",152,1744,"Robert Wise"
"435",9051,1927,"Blake Edwards"
"436",12102,6729,"Robert Benton"
"437",348,578,"Ridley Scott"
"438",6471,1895,"Carl Reiner"
"439",11519,488,"Steven Spielberg"
"440",11449,13859,"Stuart Rosenberg"
"441",1367,16483,"Sylvester Stallone"
"442",11176,68457,"James Frawley"
"443",11145,2226,"Sydney Pollack"
"444",31915,13776,"John Frankenheimer"
"445",988,14838,"James Bridges"
"446",10734,14773,"Don Siegel"
"447",696,1243,"Woody Allen"
"448",19827,133259,"Arthur Hiller"
"449",16858,66777,"Bob Fosse"
"450",17264,68212,"Carroll Ballard"
"451",9570,47893,"Gary Nelson"
"452",54663,6349,"Alan J. Pakula"
"453",17443,13563,"Norman Jewison"
"454",65066,769,"Martin Brest"
"455",16323,21958,"Mark Rydell"
"456",9453,58021,"Tinto Brass"
"457",11474,1723,"Walter Hill"
"458",40842,18854,"Martin Ritt"
"459",3786,28236,"Daniel Haller"
"460",22328,15657,"Vincent McEveety"
"461",583,10707,"Terry Jones"
"462",21376,564872,"Paul Aaron"
"463",11121,3556,"Roman Polanski"
"464",20283,12804,"Peter Yates"
"465",47906,98199,"Jerry Schatzberg"
"466",659,10249,"Volker Schlöndorff"
"467",10654,3974,"Miloš Forman"
"468",1732,18907,"Richard Quine"
"469",33258,58075,"Bill L. Norton"
"470",29723,40187,"David Lowell Rich"
"471",1369597,578067,"Atef Salem"
"472",40160,7501,"Ronald Neame"
"473",16972,18392,"Robert Aldrich"
"474",3013,9855,"Terence Young"
"475",15371,608,"Hayao Miyazaki"
"476",31200,10781,"Michael Apted"
"477",21887,84657,"Lewis John Carlino"
"478",85327,86293,"Robert M. Young"
"479",47561,19244,"Michael Winner"
"480",300652,1259266,"Yehia El Alami"
"481",39293,834,"Otto Preminger"
"482",1891,10930,"Irvin Kershner"
"483",8536,10586,"Richard Lester"
"484",8393,55668,"Jamie Uys"
"485",525,4610,"John Landis"
"486",19494,4967,"Colin Higgins"
"487",21629,16897,"Sidney Poitier"
"488",17169,66226,"Buddy Van Horn"
"489",10765,34611,"Howard Zieff"
"490",16769,10781,"Michael Apted"
"491",12705,67767,"Hal Needham"
"492",5689,8876,"Randal Kleiser"
"493",16619,4135,"Robert Redford"
"494",17496,14838,"James Bridges"
"495",2768,1035,"Paul Schrader"
"496",11335,9789,"Robert Altman"
"497",694,240,"Stanley Kubrick"
"498",3537,9168,"Alan Parker"
"499",11977,1524,"Harold Ramis"
"500",1623,13859,"Stuart Rosenberg"
"501",11033,1150,"Brian De Palma"
"502",15310,2087,"Richard Fleischer"
"503",3604,17281,"Mike Hodges"
"504",1955,5602,"David Lynch"
"505",21866,190,"Clint Eastwood"
"506",1578,1032,"Martin Scorsese"
"507",15668,51521,"Robert Greenwald"
"508",11542,32327,"Ken Russell"
"509",27958,15175,"William Friedkin"
"510",49375,14773,"Don Siegel"
"511",49375,9868,"Peter R. Hunt"
"512",49375,88458,"Robert Ellis Miller"
"513",8738,9108,"Don Taylor"
"514",14729,1723,"Walter Hill"
"515",7988,12964,"Michael Ritchie"
"516",23954,15389,"Louis Malle"
"517",13550,21377,"Peter Medak"
"518",14475,24,"Robert Zemeckis"
"519",11337,1243,"Woody Allen"
"520",31603,16513,"John G. Avildsen"
"521",19267,57727,"Robert Clouse"
"522",24575,52094,"Jerry Jameson"
"523",20681,17784,"John Irvin"
"524",21970,19032,"John Hough"
"525",19761,13284,"Stanley Donen"
"526",33155,554946,"William Sachs"
"527",92323,47773,"Paul Mazursky"
"528",21024,72427,"Alan Rudolph"
"529",130917,12698,"Bob Clark"
"530",11953,5026,"Akira Kurosawa"
"531",47942,15630,"James Goldstone"
"532",10935,12114,"Michael Cimino"
"533",8490,55264,"Jerrold Freedman"
"534",85,488,"Steven Spielberg"
"535",699,10179,"John Glen"
"536",11816,21958,"Mark Rydell"
"537",13665,122944,"Steve Gordon"
"538",10890,8858,"Ivan Reitman"
"539",387,5231,"Wolfgang Petersen"
"540",11286,67767,"Hal Needham"
"541",23668,40549,"Daniel Petrie"
"542",9443,58220,"Hugh Hudson"
"543",62204,2352,"Jean-Jacques Annaud"
"544",1103,11770,"John Carpenter"
"545",10323,64823,"Desmond Davis"
"546",19429,2226,"Sydney Pollack"
"547",18254,6449,"Warren Beatty"
"548",10627,23213,"Harold Becker"
"549",14664,16475,"Burt Reynolds"
"550",11527,19665,"John Boorman"
"551",814,4610,"John Landis"
"552",10156,14639,"Mel Brooks"
"553",31361,109095,"Oz Scott"
"554",31361,77300,"Michael Schultz"
"555",14900,55983,"Jim Henson"
"556",19507,16513,"John G. Avildsen"
"557",10948,107274,"Richard Rich"
"558",10948,67607,"Art Stevens"
"559",10948,67604,"Ted Berman"
"560",17360,6593,"John Huston"
"561",16471,99339,"Ken Shapiro"
"562",14412,8844,"Lawrence Kasdan"
"563",11827,70616,"Gerald Potterton"
"564",11827,58338,"John Bruno"
"565",11827,70707,"John Halas"
"566",11827,2888351,"Julian Harris"
"567",11827,67268,"Jimmy T. Murakami"
"568",11827,1879400,"Barrie Nelson"
"569",11827,71852,"Paul Sabella"
"570",11827,1773189,"Jack Stokes"
"571",11827,57290,"Pino Van Lamsweerde"
"572",11827,1693752,"Harold Whitaker"
"573",54660,15452,"David Steinberg"
"574",10540,37710,"Peter Hyams"
"575",848,12677,"Matthew Robbins"
"576",11027,19450,"Bob Rafelson"
"577",11644,1150,"Brian De Palma"
"578",11524,638,"Michael Mann"
"579",10725,57885,"Michael Wadleigh"
"580",19317,21377,"Peter Medak"
"581",53922,77300,"Michael Schultz"
"582",17450,18378,"Herbert Ross"
"583",32047,39996,"Sidney Lumet"
"584",36133,3146,"Billy Wilder"
"585",21294,29646,"Charles Jarrott"
"586",31695,12840,"John Badham"
"587",113464,9855,"Terence Young"
"588",109962,14674,"George Cukor"
"589",26444,9868,"Peter R. Hunt"
"590",31679,12804,"Peter Yates"
"591",107028,47846,"Ernest Day"
"592",74899,167786,"Ed Bianchi"
"593",38665,12846,"William A. Fraker"
"594",47941,54590,"Steve Rash"
"595",73247,83198,"Allan Arkush"
"596",601,488,"Steven Spielberg"
"597",9576,2226,"Sydney Pollack"
"598",2623,18596,"Taylor Hackford"
"599",1368,16544,"Ted Kotcheff"
"600",1371,16483,"Sylvester Stallone"
"601",609,10051,"Tobe Hooper"
"602",154,1788,"Nicholas Meyer"
"603",150,1723,"Walter Hill"
"604",783,4786,"Richard Attenborough"
"605",10724,190,"Clint Eastwood"
"606",16363,4967,"Colin Higgins"
"607",9387,8328,"John Milius"
"608",15739,6593,"John Huston"
"609",24226,39996,"Sidney Lumet"
"610",23805,7187,"Richard Donner"
"611",14373,19244,"Michael Winner"
"612",11639,55983,"Jim Henson"
"613",11639,7908,"Frank Oz"
"614",78,578,"Ridley Scott"
"615",45840,13563,"Norman Jewison"
"616",97,12859,"Steven Lisberger"
"617",47947,1201,"Garry Marshall"
"618",15764,6349,"Alan J. Pakula"
"619",11307,9577,"George Roy Hill"
"620",12614,1927,"Blake Edwards"
"621",2665,27746,"Ken Finkleman"
"622",37607,59649,"Michael Pressman"
"623",12104,9168,"Alan Parker"
"624",14742,6159,"Ron Howard"
"625",16281,14999,"George A. Romero"
"626",6217,1035,"Paul Schrader"
"627",31044,24318,"Richard Benjamin"
"628",1091,11770,"John Carpenter"
"629",17590,39996,"Sidney Lumet"
"630",9442,1895,"Carl Reiner"
"631",9037,56755,"Patricia Birch"
"632",11704,40345,"Don Bluth"
"633",16441,58245,"Don Coscarelli"
"634",15600,27436,"Costa-Gavras"
"635",24740,64508,"Sidney J. Furie"
"636",41913,133259,"Arthur Hiller"
"637",25001,16897,"Sidney Poitier"
"638",22023,32765,"Tony Richardson"
"639",4193,9915,"Guy Hamilton"
"640",32048,6729,"Robert Benton"
"641",27609,11057,"Robert Towne"
"642",27380,67767,"Hal Needham"
"643",33782,89467,"Bob Giraldi"
"644",33782,117075,"Henry Jaglom"
"645",3526,13488,"Graeme Clifford"
"646",103210,21819,"Lewis Teague"
"647",262,1032,"Martin Scorsese"
"648",1892,19800,"Richard Marquand"
"649",535,7270,"Adrian Lyne"
"650",700,10179,"John Glen"
"651",36670,10930,"Irvin Kershner"
"652",10650,190,"Clint Eastwood"
"653",860,12840,"John Badham"
"654",11050,3388,"James L. Brooks"
"655",1621,4610,"John Landis"
"656",17692,8558,"Joe Alves"
"657",9531,10586,"Richard Lester"
"658",111,1150,"Brian De Palma"
"659",10805,16483,"Sylvester Stallone"
"660",9346,57383,"Paul Brickman"
"661",11153,1524,"Harold Ramis"
"662",12560,8844,"Lawrence Kasdan"
"663",19698,12698,"Bob Clark"
"664",4543,10707,"Terry Jones"
"665",6341,12840,"John Badham"
"666",12502,5342,"Mike Nichols"
"667",227,1776,"Francis Ford Coppola"
"668",9967,16544,"Ted Kotcheff"
"669",10269,10400,"Barbra Streisand"
"670",15301,4610,"John Landis"
"671",15301,4600,"Joe Dante"
"672",15301,488,"Steven Spielberg"
"673",15301,20629,"George Miller"
"674",32644,27846,"John Herzfeld"
"675",21500,84657,"Lewis John Carlino"
"676",9549,648,"Philip Kaufman"
"677",8769,11770,"John Carpenter"
"678",11336,224,"David Cronenberg"
"679",1058,15206,"Jim McBride"
"680",849,12804,"Peter Yates"
"681",26978,1214133,"Lamont Johnson"
"682",27679,5572,"Joel Schumacher"
"683",22998,111492,"Alan Johnson"
"684",11030,1243,"Woody Allen"
"685",19258,67767,"Hal Needham"
"686",69928,1927,"Blake Edwards"
"687",23096,59649,"Michael Pressman"
"688",15050,12112,"Douglas Trumbull"
"689",11654,893,"Tony Scott"
"690",71357,10439,"Marshall Brickman"
"691",11591,1895,"Carl Reiner"
"692",24808,25630,"Jack Clayton"
"693",15120,33880,"Dick Lowry"
"694",77074,133259,"Arthur Hiller"
"695",12633,37710,"Peter Hyams"
"696",36576,1927,"Blake Edwards"
"697",11609,70008,"Mel Damski"
"698",232,1776,"Francis Ford Coppola"
"699",29610,58040,"Bruce Malmuth"
"700",266331,27146,"Rob Lieberman"
"701",87,488,"Steven Spielberg"
"702",90,769,"Martin Brest"
"703",620,8858,"Ivan Reitman"
"704",927,4600,"Joe Dante"
"705",1885,16513,"John G. Avildsen"
"706",1613759,5231,"Wolfgang Petersen"
"707",279,3974,"Miloš Forman"
"708",157,1749,"Leonard Nimoy"
"709",9326,24,"Robert Zemeckis"
"710",1788,18378,"Herbert Ross"
"711",2619,6159,"Ron Howard"
"712",24264,6778,"John Guillermin"
"713",11950,67767,"Hal Needham"
"714",11393,8246,"Barry Levinson"
"715",4437,37710,"Peter Hyams"
"716",15927,12238,"David Lean"
"717",1880,8328,"John Milius"
"718",16969,24318,"Richard Benjamin"
"719",13681,6729,"Robert Benton"
"720",625,8965,"Roland Joffé"
"721",841,5602,"David Lynch"
"722",9610,2087,"Richard Fleischer"
"723",9663,11770,"John Carpenter"
"724",11884,14692,"Nick Castle"
"725",37296,18378,"Herbert Ross"
"726",2148,1776,"Francis Ford Coppola"
"727",11899,7908,"Frank Oz"
"728",5968,3460,"Gene Wilder"
"729",16551,12698,"Bob Clark"
"730",8764,12936,"Jim Abrahams"
"731",8764,3415,"Jerry Zucker"
"732",8764,12987,"David Zucker"
"733",34584,5231,"Wolfgang Petersen"
"734",50812,34611,"Howard Zieff"
"735",11221,686,"Willard Huyck"
"736",14347,13284,"Stanley Donen"
"737",56821,23946,"Roger Young"
"738",11495,67753,"Mark L. Lester"
"739",16806,57434,"Amy Heckerling"
"740",9651,16187,"Jeannot Szwarc"
"741",10179,59023,"Stewart Raffill"
"742",38557,21958,"Mark Rydell"
"743",52744,140354,"Ulu Grosbard"
"744",48482,27538,"Douglas Day Stewart"
"745",11507,1150,"Brian De Palma"
"746",2669,21370,"Roger Donaldson"
"747",10606,59023,"Stewart Raffill"
"748",14746,1723,"Walter Hill"
"749",24453,32767,"John Byrum"
"750",11379,18179,"W.D. Richter"
"751",47359,24318,"Richard Benjamin"
"752",311,4385,"Sergio Leone"
"753",105,24,"Robert Zemeckis"
"754",1374,16483,"Sylvester Stallone"
"755",1369,16566,"George P. Cosmatos"
"756",606,2226,"Sydney Pollack"
"757",707,10179,"John Glen"
"758",873,488,"Steven Spielberg"
"759",9281,2690,"Peter Weir"
"760",10303,21819,"Lewis Teague"
"761",10328,6159,"Ron Howard"
"762",9340,7187,"Richard Donner"
"763",11904,8246,"Barry Levinson"
"764",9080,4610,"John Landis"
"765",9749,12964,"Michael Ritchie"
"766",10999,67753,"Mark L. Lester"
"767",10157,41720,"Jerry Paris"
"768",11418,57434,"Amy Heckerling"
"769",11177,39012,"Peter Bogdanovich"
"770",11064,1723,"Walter Hill"
"771",12235,19800,"Richard Marquand"
"772",11814,11505,"John Hughes"
"773",9355,20629,"George Miller"
"774",9355,57433,"George Ogilvie"
"775",11509,8844,"Lawrence Kasdan"
"776",34322,18854,"Martin Ritt"
"777",13938,77300,"Michael Schultz"
"778",11797,64796,"Tom Holland"
"779",13764,16187,"Jeannot Szwarc"
"780",11645,5026,"Akira Kurosawa"
"781",10957,67604,"Ted Berman"
"782",10957,107274,"Richard Rich"
"783",23919,16008,"James Komack"
"784",19259,1788,"Nicholas Meyer"
"785",11018,12114,"Michael Cimino"
"786",526,7187,"Richard Donner"
"787",15983,64195,"Joseph Zito"
"788",24873,19244,"Michael Winner"
"789",11976,578,"Ridley Scott"
"790",9838,18669,"J. Lee Thompson"
"791",15196,21217,"Jonathan Lynn"
"792",1816,4786,"Richard Attenborough"
"793",14370,63713,"Martha Coolidge"
"794",49370,14838,"James Bridges"
"795",11864,5231,"Wolfgang Petersen"
"796",11954,10051,"Tobe Hooper"
"797",24548,91727,"Lisa Gottlieb"
"798",13155,154,"Walter Murch"
"799",10849,1243,"Woody Allen"
"800",68,280,"Terry Gilliam"
"801",9872,4600,"Joe Dante"
"802",10905,67411,"Stan Dragoti"
"803",11893,58728,"Andrei Konchalovsky"
"804",16248,18254,"Simon Wincer"
"805",744,893,"Tony Scott"
"806",679,2710,"James Cameron"
"807",168,1749,"Leonard Nimoy"
"808",8856,16513,"John G. Avildsen"
"809",12118,41720,"Jerry Paris"
"810",9930,8858,"Ivan Reitman"
"811",15596,69801,"Alan Metter"
"812",4978,40345,"Don Bluth"
"813",10136,12964,"Michael Ritchie"
"814",192,2352,"Jean-Jacques Annaud"
"815",12151,12987,"David Zucker"
"816",12151,3415,"Jerry Zucker"
"817",12151,12936,"Jim Abrahams"
"818",9941,47773,"Paul Mazursky"
"819",9426,224,"David Cronenberg"
"820",10466,24318,"Richard Benjamin"
"821",10776,7908,"Frank Oz"
"822",13818,5342,"Mike Nichols"
"823",11873,1032,"Martin Scorsese"
"824",9874,16566,"George P. Cosmatos"
"825",10015,190,"Clint Eastwood"
"826",10013,1776,"Francis Ford Coppola"
"827",11133,18069,"Brian Gibson"
"828",2605,12840,"John Badham"
"829",8388,4610,"John Landis"
"830",9994,15810,"Ron Clements"
"831",9994,15811,"John Musker"
"832",9994,61677,"Burny Mattinson"
"833",9994,61678,"David Michener"
"834",10658,686,"Willard Huyck"
"835",13698,6159,"Ron Howard"
"836",29968,1201,"Garry Marshall"
"837",10945,14911,"Penny Marshall"
"838",11037,64508,"Sidney J. Furie"
"839",48259,5696,"Bruce Beresford"
"840",11038,67897,"Jeff Kanew"
"841",9873,43786,"Robert Mandel"
"842",63510,9309,"Richard Pryor"
"843",11416,8965,"Roland Joffé"
"844",10974,18897,"Jackie Chan"
"845",2620,67753,"Mark L. Lester"
"846",11120,2690,"Peter Weir"
"847",8009,52968,"Russell Mulcahy"
"848",13597,55983,"Jim Henson"
"849",26555,1524,"Harold Ramis"
"850",26789,73496,"Richard Pearce"
"851",6978,11770,"John Carpenter"
"852",13766,92554,"Harry Winer"
"853",11454,638,"Michael Mann"
"854",31659,1150,"Brian De Palma"
"855",24103,3460,"Gene Wilder"
"856",9980,3027,"Stephen King"
"857",21332,232235,"Thomas Michael Donnelly"
"858",83078,56738,"Michelle Manning"
"859",10068,7270,"Adrian Lyne"
"860",10998,7270,"Adrian Lyne"
"861",96,893,"Tony Scott"
"862",12154,1749,"Leonard Nimoy"
"863",708,10179,"John Glen"
"864",801,8246,"Barry Levinson"
"865",2039,13563,"Norman Jewison"
"866",941,7187,"Richard Donner"
"867",171147,1880758,"Doug Rogers"
"868",10021,18378,"Herbert Ross"
"869",106,1090,"John McTiernan"
"870",10587,65688,"Jim Drake"
"871",117,1150,"Brian De Palma"
"872",12626,3388,"James L. Brooks"
"873",10110,488,"Steven Spielberg"
"874",10023,7190,"Tom Mankiewicz"
"875",10859,12840,"John Badham"
"876",11548,12677,"Matthew Robbins"
"877",6069,20629,"George Miller"
"878",11896,518,"Danny DeVito"
"879",5548,10491,"Paul Verhoeven"
"880",580,15663,"Joseph Sargent"
"881",2609,11505,"John Hughes"
"882",600,240,"Stanley Kubrick"
"883",746,4956,"Bernardo Bertolucci"
"884",10673,1152,"Oliver Stone"
"885",11584,64061,"Fred Schepisi"
"886",918,1927,"Blake Edwards"
"887",865,12988,"Paul Michael Glaser"
"888",957,14639,"Mel Brooks"
"889",11411,64508,"Sidney J. Furie"
"890",10083,21370,"Roger Donaldson"
"891",2493,3026,"Rob Reiner"
"892",11215,56106,"Charles Shyer"
"893",10780,1201,"Garry Marshall"
"894",12506,4786,"Richard Attenborough"
"895",2614,4600,"Joe Dante"
"896",32076,19304,"John Schlesinger"
"897",18410,42171,"Jonathan Kaplan"
"898",11649,70737,"Gary Goddard"
"899",635,9168,"Alan Parker"
"900",1825,33008,"Menahem Golan"
"901",30890,1243,"Woody Allen"
"902",12704,58251,"Elaine May"
"903",17258,56381,"James Toback"
"904",31650,578,"Ridley Scott"
"905",26827,15890,"James Foley"
"906",40962,40542,"Héctor Babenco"
"907",61178,6729,"Robert Benton"
"908",24828,66548,"Paul Weiland"
"909",42010,72427,"Alan Rudolph"
"910",380,8246,"Barry Levinson"
"911",856,24,"Robert Zemeckis"
"912",9602,4610,"John Landis"
"913",9396,57594,"John Cornell"
"914",9493,8858,"Ivan Reitman"
"915",1370,16589,"Peter MacDonald"
"916",7520,21370,"Roger Donaldson"
"917",37136,12987,"David Zucker"
"918",2280,14911,"Penny Marshall"
"919",562,1090,"John McTiernan"
"920",2383,2352,"Jean-Jacques Annaud"
"921",12233,71792,"George Scribner"
"922",10396,11057,"Robert Towne"
"923",3525,5342,"Mike Nichols"
"924",12144,40345,"Don Bluth"
"925",4011,510,"Tim Burton"
"926",13192,13493,"Colin Chilvers"
"927",13192,60220,"Will Vinton"
"928",13192,238647,"Jerry Kramer"
"929",13192,1170399,"Jim Blashfield"
"930",9647,7187,"Richard Donner"
"931",847,6159,"Ron Howard"
"932",15592,1201,"Garry Marshall"
"933",19382,5342,"Mike Nichols"
"934",11967,56828,"Christopher Cain"
"935",2617,26502,"Howard Deutch"
"936",9013,769,"Martin Brest"
"937",10651,66226,"Buddy Van Horn"
"938",9604,1723,"Walter Hill"
"939",859,3224,"Stephen Frears"
"940",1632,9168,"Alan Parker"
"941",10128,43513,"Graham Baker"
"942",14170,9577,"George Roy Hill"
"943",11285,40549,"Daniel Petrie"
"944",11966,19142,"Kenneth Johnson"
"945",2321,16294,"Jonathan Demme"
"946",40820,11834,"David Seltzer"
"947",28176,1776,"Francis Ford Coppola"
"948",11503,5140,"Wes Craven"
"949",11825,14995,"Alan Myerson"
"950",10675,3556,"Roman Polanski"
"951",20443,23914,"Bud S. Smith"
"952",17170,14838,"James Bridges"
"953",12714,11505,"John Hughes"
"954",30502,8876,"Randal Kleiser"
"955",10306,33094,"Gary Sherman"
"956",13482,4135,"Robert Redford"
"957",12120,24318,"Richard Benjamin"
"958",10644,648,"Philip Kaufman"
"959",26798,16544,"Ted Kotcheff"
"960",21362,17016,"Neil Jordan"
"961",14506,280,"Terry Gilliam"
"962",9540,224,"David Cronenberg"
"963",89,488,"Steven Spielberg"
"964",268,510,"Tim Burton"
"965",165,24,"Robert Zemeckis"
"966",207,2690,"Peter Weir"
"967",942,7187,"Richard Donner"
"968",9354,4945,"Joe Johnston"
"969",2978,8858,"Ivan Reitman"
"970",10144,15810,"Ron Clements"
"971",10144,15811,"John Musker"
"972",2604,1152,"Oliver Stone"
"973",249,518,"Danny DeVito"
"974",709,10179,"John Glen"
"975",4105,578,"Ridley Scott"
"976",1552,6159,"Ron Howard"
"977",12150,23213,"Harold Becker"
"978",10860,18378,"Herbert Ross"
"979",639,3026,"Rob Reiner"
"980",2756,2710,"James Cameron"
"981",2323,23968,"Phil Alden Robinson"
"982",2616,11505,"John Hughes"
"983",10345,64877,"Rod Daniel"
"984",5825,34682,"Jeremiah S. Chechik"
"985",11352,488,"Steven Spielberg"
"986",6951,1724,"Roger Spottiswoode"
"987",9618,58728,"Andrei Konchalovsky"
"988",172,1748,"William Shatner"
"989",53150,147594,"David Irving"
"990",9085,776,"Eddie Murphy"
"991",11974,4600,"Joe Dante"
"992",11185,133259,"Arthur Hiller"
"993",31608,38507,"Francis Veber"
"994",10344,64875,"Chris Walas"
"995",11895,14987,"Peter Bonerz"
"996",10135,63943,"Rowdy Herrington"
"997",14550,34611,"Howard Zieff"
"998",11497,40345,"Don Bluth"
"999",9665,9181,"Edward Zwick"
"1000",9972,38689,"John Flynn"
"1001",2028,11649,"Cameron Crowe"
"1002",21291,70738,"Gary David Goldberg"
"1003",10142,1150,"Brian De Palma"
"1004",11562,1243,"Woody Allen"
"1005",3064,716,"Emile Ardolino"
"1006",14372,16566,"George P. Cosmatos"
"1007",11157,53861,"Susan Seidelman"
"1008",11465,15206,"Jim McBride"
"1009",20006,66226,"Buddy Van Horn"
"1010",9686,1032,"Martin Scorsese"
"1011",9686,1776,"Francis Ford Coppola"
"1012",9686,1243,"Woody Allen"
"1013",31606,12989,"Andrew Davis"
"1014",20307,62020,"Jack Sholder"
"1015",22102,67897,"Jeff Kanew"
"1016",251,3415,"Jerry Zucker"
"1017",771,10965,"Chris Columbus"
"1018",114,1201,"Garry Marshall"
"1019",581,1269,"Kevin Costner"
"1020",861,10491,"Paul Verhoeven"
"1021",196,24,"Robert Zemeckis"
"1022",1573,16938,"Renny Harlin"
"1023",11092,6349,"Alan J. Pakula"
"1024",1498,18308,"Steve Barron"
"1025",951,8858,"Ivan Reitman"
"1026",1669,1090,"John McTiernan"
"1027",2119,893,"Tony Scott"
"1028",11595,1723,"Walter Hill"
"1029",1727,12840,"John Badham"
"1030",242,1776,"Francis Ford Coppola"
"1031",1375,16513,"John G. Avildsen"
"1032",8592,6449,"Warren Beatty"
"1033",162,510,"Tim Burton"
"1034",1551,5572,"Joel Schumacher"
"1035",1700,3026,"Rob Reiner"
"1036",9086,32277,"Geoff Murphy"
"1037",11856,1724,"Roger Spottiswoode"
"1038",169,2042,"Stephen Hopkins"
"1039",2990,19304,"John Schlesinger"
"1040",6488,664,"Frank Marshall"
"1041",11005,14911,"Penny Marshall"
"1042",9556,7623,"Sam Raimi"
"1043",11135,74297,"Hendel Butoy"
"1044",11135,65530,"Mike Gabriel"
"1045",769,1032,"Martin Scorsese"
"1046",5549,10930,"Irvin Kershner"
"1047",928,4600,"Joe Dante"
"1048",2565,26095,"John Patrick Shanley"
"1049",22414,5342,"Mike Nichols"
"1050",11186,65678,"John Lafia"
"1051",4587,24318,"Richard Benjamin"
"1052",11060,6111,"Mike Figgis"
"1053",2291,7270,"Adrian Lyne"
"1054",10485,16897,"Sidney Poitier"
"1055",10170,64061,"Fred Schepisi"
"1056",10264,24657,"Franco Zeffirelli"
"1057",9548,16938,"Renny Harlin"
"1058",6393,133259,"Arthur Hiller"
"1059",10837,67056,"Bob Hathcock"
"1060",34636,1174031,"George T. Miller"
"1061",9586,1150,"Brian De Palma"
"1062",2612,27444,"James Orr"
"1063",10729,1532,"Bill Murray"
"1064",10729,2357,"Howard Franklin"
"1065",31597,37710,"Peter Hyams"
"1066",32669,514,"Jack Nicholson"
"1067",22189,2226,"Sydney Pollack"
"1068",280,2710,"James Cameron"
"1069",10020,62047,"Gary Trousdale"
"1070",10020,62048,"Kirk Wise"
"1071",8367,8300,"Kevin Reynolds"
"1072",879,488,"Steven Spielberg"
"1073",274,16294,"Jonathan Demme"
"1074",820,1152,"Oliver Stone"
"1075",37137,12987,"David Zucker"
"1076",2907,5174,"Barry Sonnenfeld"
"1077",1598,1032,"Martin Scorsese"
"1078",9595,12936,"Jim Abrahams"
"1079",1406,33485,"Ron Underwood"
"1080",7442,52629,"Joseph Ruben"
"1081",2924,6159,"Ron Howard"
"1082",9319,893,"Tony Scott"
"1083",174,1788,"Nicholas Meyer"
"1084",11846,56106,"Charles Shyer"
"1085",1089,14392,"Kathryn Bigelow"
"1086",9079,5572,"Joel Schumacher"
"1087",1497,59649,"Michael Pressman"
"1088",10333,10400,"Barbra Streisand"
"1089",11384,12840,"John Badham"
"1090",10276,7908,"Frank Oz"
"1091",4032,34611,"Howard Zieff"
"1092",11821,30365,"Michael Caton-Jones"
"1093",10804,12920,"David S. Ward"
"1094",10337,8246,"Barry Levinson"
"1095",10249,4945,"Joe Johnston"
"1096",1541,578,"Ridley Scott"
"1097",11364,5342,"Mike Nichols"
"1098",177,280,"Terry Gilliam"
"1099",1649,18357,"Peter Hewitt"
"1100",25562,52405,"Michael Hoffman"
"1101",10537,1152,"Oliver Stone"
"1102",19065,15672,"Nadia Tass"
"1103",11890,4610,"John Landis"
"1104",25221,21958,"Mark Rydell"
"1105",3784,1201,"Garry Marshall"
"1106",16820,29471,"Richard Franklin"
"1107",21219,42319,"Michael Karbelnikoff"
"1108",68430,66086,"Mary Agnes Donoghue"
"1109",9292,7145,"Michael Lehmann"
"1110",12647,6729,"Robert Benton"
"1111",8010,52968,"Russell Mulcahy"
"1112",18886,8328,"John Milius"
"1113",31633,108217,"Jerry Rees"
"1114",20421,40345,"Don Bluth"
"1115",2071,5231,"Wolfgang Petersen"
"1116",53287,64877,"Rod Daniel"
"1117",21338,63709,"Craig R. Baxley"
"1118",11933,707,"Dan Aykroyd"
"1119",812,15811,"John Musker"
"1120",812,15810,"Ron Clements"
"1121",619,8843,"Mick Jackson"
"1122",772,10965,"Chris Columbus"
"1123",402,10491,"Paul Verhoeven"
"1124",943,7187,"Richard Donner"
"1125",364,510,"Tim Burton"
"1126",881,3026,"Rob Reiner"
"1127",2005,716,"Emile Ardolino"
"1128",6114,1776,"Francis Ford Coppola"
"1129",8872,58448,"Penelope Spheeris"
"1130",9869,13015,"Phillip Noyce"
"1131",8077,7467,"David Fincher"
"1132",8845,12989,"Andrew Davis"
"1133",9374,24,"Robert Zemeckis"
"1134",11259,6159,"Ron Howard"
"1135",9475,769,"Martin Brest"
"1136",11287,14911,"Penny Marshall"
"1137",11066,68215,"Reginald Hudlin"
"1138",10326,58712,"Steve Miner"
"1139",9349,6046,"Roland Emmerich"
"1140",2322,23968,"Phil Alden Robinson"
"1141",10407,7908,"Frank Oz"
"1142",10158,4037,"Ron Shelton"
"1143",9361,638,"Michael Mann"
"1144",11158,8876,"Randal Kleiser"
"1145",17494,42171,"Jonathan Kaplan"
"1146",1883,5281,"Spike Lee"
"1147",9605,23393,"Barbet Schroeder"
"1148",10411,21217,"Jonathan Lynn"
"1149",9096,1090,"John McTiernan"
"1150",10538,40230,"Kevin Hooks"
"1151",31962,11834,"David Seltzer"
"1152",12251,16589,"Peter MacDonald"
"1153",12518,41550,"Andrew Bergman"
"1154",13225,74300,"Bill Kroyer"
"1155",4823,18500,"Phil Joanou"
"1156",12772,73496,"Richard Pearce"
"1157",11597,8246,"Barry Levinson"
"1158",14361,68381,"Thom Eberhardt"
"1159",37753,6349,"Alan J. Pakula"
"1160",9278,32277,"Geoff Murphy"
"1161",19087,64508,"Sidney J. Furie"
"1162",14684,43786,"Robert Mandel"
"1163",47821,8965,"Roland Joffé"
"1164",2687,11770,"John Carpenter"
"1165",14239,16384,"Ralph Bakshi"
"1166",54087,7904,"Billy Crystal"
"1167",13199,587,"Edward James Olmos"
"1168",10424,8966,"Bruce Robinson"
"1169",88174,57447,"Christopher Crowe"
"1170",329,488,"Steven Spielberg"
"1171",788,10965,"Chris Columbus"
"1172",5503,12989,"Andrew Davis"
"1173",424,488,"Steven Spielberg"
"1174",37233,2226,"Sydney Pollack"
"1175",4478,7270,"Adrian Lyne"
"1176",9350,16938,"Renny Harlin"
"1177",858,9248,"Nora Ephron"
"1178",9800,16294,"Jonathan Demme"
"1179",9944,6349,"Alan J. Pakula"
"1180",9386,5231,"Wolfgang Petersen"
"1181",9739,58838,"Marco Brambilla"
"1182",1634,18254,"Simon Wincer"
"1183",1049,15148,"Jon Amiel"
"1184",9593,1090,"John McTiernan"
"1185",9559,190,"Clint Eastwood"
"1186",9255,12936,"Jim Abrahams"
"1187",12139,14692,"Nick Castle"
"1188",867,13015,"Phillip Noyce"
"1189",10057,18356,"Stephen Herek"
"1190",7007,648,"Philip Kaufman"
"1191",12121,24318,"Richard Benjamin"
"1192",11566,8858,"Ivan Reitman"
"1193",9479,57646,"Henry Selick"
"1194",2019,11401,"John Woo"
"1195",11969,16566,"George P. Cosmatos"
"1196",11520,18281,"Donald Petrie"
"1197",6075,1150,"Brian De Palma"
"1198",11041,58448,"Penelope Spheeris"
"1199",6878,6592,"Duwayne Dunham"
"1200",6279,1103,"Bill Duke"
"1201",21845,11511,"Daniel Stern"
"1202",10439,65310,"Kenny Ortega"
"1203",2758,5174,"Barry Sonnenfeld"
"1204",8873,56155,"Stephen Surjik"
"1205",2246,23213,"Harold Becker"
"1206",1499,76418,"Stuart Gillard"
"1207",37094,5572,"Joel Schumacher"
"1208",2149,15868,"Uli Edel"
"1209",7305,664,"Frank Marshall"
"1210",10502,2461,"Mel Gibson"
"1211",8005,14639,"Mel Brooks"
"1212",10436,1032,"Martin Scorsese"
"1213",9409,12840,"John Badham"
"1214",10445,4786,"Richard Attenborough"
"1215",9612,18308,"Steve Barron"
"1216",9607,58164,"Annabel Jankel"
"1217",9607,58165,"Rocky Morton"
"1218",35588,1723,"Walter Hill"
"1219",1607,380,"Robert De Niro"
"1220",10655,66088,"Ronald F. Maxwell"
"1221",8587,15812,"Roger Allers"
"1222",8587,18898,"Rob Minkoff"
"1223",13,24,"Robert Zemeckis"
"1224",36955,2710,"James Cameron"
"1225",854,26713,"Chuck Russell"
"1226",1637,2209,"Jan de Bont"
"1227",888,13581,"Brian Levant"
"1228",628,17016,"Neil Jordan"
"1229",9331,13015,"Phillip Noyce"
"1230",8984,8246,"Barry Levinson"
"1231",2164,6046,"Roland Emmerich"
"1232",9359,7187,"Richard Donner"
"1233",2636,26648,"Luis Llosa"
"1234",4476,9181,"Edward Zwick"
"1235",36593,13426,"Peter Segal"
"1236",10395,5342,"Mike Nichols"
"1237",8831,37710,"Peter Hyams"
"1238",306,4610,"John Landis"
"1239",193,2380,"David Carson"
"1240",10731,5572,"Joel Schumacher"
"1241",3036,11181,"Kenneth Branagh"
"1242",6280,8858,"Ivan Reitman"
"1243",1945,10781,"Michael Apted"
"1244",11667,1726,"Steven E. de Souza"
"1245",8987,323,"Curtis Hanson"
"1246",11310,66548,"Paul Weiland"
"1247",1909,25210,"Jeremy Leven"
"1248",4954,12840,"John Badham"
"1249",10879,56106,"Charles Shyer"
"1250",41579,26502,"Howard Deutch"
"1251",10714,7775,"Stephen Sommers"
"1252",241,1152,"Oliver Stone"
"1253",24795,56506,"William Dear"
"1254",9624,23880,"Steven Seagal"
"1255",8850,52968,"Russell Mulcahy"
"1256",11011,18281,"Donald Petrie"
"1257",8011,53599,"Andrew Morahan"
"1258",11067,12920,"David S. Ward"
"1259",178,2042,"Stephen Hopkins"
"1260",278,4027,"Frank Darabont"
"1261",11777,64061,"Fred Schepisi"
"1262",19819,15175,"William Friedkin"
"1263",10467,9168,"Alan Parker"
"1264",12160,8844,"Lawrence Kasdan"
"1265",15128,33485,"Ron Underwood"
"1266",11450,4135,"Robert Redford"
"1267",11858,14911,"Penny Marshall"
"1268",46717,21958,"Mark Rydell"
"1269",2124,21806,"Richard Rush"
"1270",43742,58463,"Glenn Gordon Caron"
"1271",11212,56059,"Patrick Read Johnson"
"1272",862,7879,"John Lasseter"
"1273",1572,1090,"John McTiernan"
"1274",568,6159,"Ron Howard"
"1275",710,10702,"Martin Campbell"
"1276",10530,65530,"Mike Gabriel"
"1277",10530,65531,"Eric Goldberg"
"1278",414,5572,"Joel Schumacher"
"1279",807,7467,"David Fincher"
"1280",8839,11887,"Brad Silberling"
"1281",9804,8300,"Kevin Reynolds"
"1282",8844,4945,"Joe Johnston"
"1283",9598,58137,"Chris Noonan"
"1284",197,2461,"Mel Gibson"
"1285",9273,4489,"Steve Oedekerk"
"1286",6950,5231,"Wolfgang Petersen"
"1287",949,638,"Michael Mann"
"1288",688,190,"Clint Eastwood"
"1289",9909,60295,"John N. Smith"
"1290",63,280,"Terry Gilliam"
"1291",8963,893,"Tony Scott"
"1292",10329,664,"Frank Marshall"
"1293",11472,10965,"Chris Columbus"
"1294",6520,3415,"Jerry Zucker"
"1295",524,1032,"Martin Scorsese"
"1296",8012,5174,"Barry Sonnenfeld"
"1297",9482,33279,"Danny Cannon"
"1298",9348,21370,"Roger Donaldson"
"1299",1642,11472,"Irwin Winkler"
"1300",9087,3026,"Rob Reiner"
"1301",2054,18356,"Stephen Herek"
"1302",3512,32277,"Geoff Murphy"
"1303",18402,5306,"Lasse Hallström"
"1304",11517,52629,"Joseph Ruben"
"1305",15602,26502,"Howard Deutch"
"1306",9091,37710,"Peter Hyams"
"1307",11860,2226,"Sydney Pollack"
"1308",9560,22767,"Alfonso Arau"
"1309",12106,7623,"Sam Raimi"
"1310",16295,6482,"John Singleton"
"1311",11359,7908,"Frank Oz"
"1312",11381,13426,"Peter Segal"
"1313",1710,15148,"Jon Amiel"
"1314",11780,30365,"Michael Caton-Jones"
"1315",9691,7187,"Richard Donner"
"1316",9073,56998,"Dwight H. Little"
"1317",8438,54971,"Marc Rocco"
"1318",9271,57090,"Brett Leonard"
"1319",9382,18378,"Herbert Ross"
"1320",10802,10491,"Paul Verhoeven"
"1321",9886,59997,"Robert Longo"
"1322",8512,21712,"Carl Franklin"
"1323",602,6046,"Roland Emmerich"
"1324",664,2209,"Jan de Bont"
"1325",954,1150,"Brian De Palma"
"1326",9802,865,"Michael Bay"
"1327",10545,62048,"Kirk Wise"
"1328",10545,62047,"Gary Trousdale"
"1329",11674,18356,"Stephen Herek"
"1330",3595,6159,"Ron Howard"
"1331",9390,11649,"Cameron Crowe"
"1332",2300,23677,"Joe Pytka"
"1333",9268,26713,"Chuck Russell"
"1334",11000,5342,"Mike Nichols"
"1335",819,8246,"Barry Levinson"
"1336",11228,18878,"Rob Cohen"
"1337",1645,5572,"Joel Schumacher"
"1338",9294,12962,"Jon Turteltaub"
"1339",9208,11401,"John Woo"
"1340",199,2388,"Jonathan Frakes"
"1341",8818,9168,"Alan Parker"
"1342",9279,13581,"Brian Levant"
"1343",9327,4499,"Tom Shadyac"
"1344",2320,2523,"Stuart Baird"
"1345",8840,18878,"Rob Cohen"
"1346",9879,41550,"Andrew Bergman"
"1347",9894,7399,"Ben Stiller"
"1348",75,510,"Tim Burton"
"1349",10684,9181,"Edward Zwick"
"1350",9302,18250,"Jon Avnet"
"1351",11412,16938,"Renny Harlin"
"1352",12123,12989,"Andrew Davis"
"1353",7095,1776,"Francis Ford Coppola"
"1354",10478,4037,"Ron Shelton"
"1355",10988,34682,"Jeremiah S. Chechik"
"1356",9306,13776,"John Frankenheimer"
"1357",9306,5910979,"Richard Stanley"
"1358",21539,14911,"Penny Marshall"
"1359",9333,1723,"Walter Hill"
"1360",10061,11770,"John Carpenter"
"1361",25189,10400,"Barbra Streisand"
"1362",10586,2042,"Stephen Hopkins"
"1363",9099,21217,"Jonathan Lynn"
"1364",10830,518,"Danny DeVito"
"1365",11062,23213,"Harold Becker"
"1366",13997,58448,"Penelope Spheeris"
"1367",10539,57646,"Henry Selick"
"1368",9623,18069,"Brian Gibson"
"1369",6346,15890,"James Foley"
"1370",9304,1524,"Harold Ramis"
"1371",9625,35155,"John Gray"
"1372",1630,3974,"Miloš Forman"
"1373",9566,893,"Tony Scott"
"1374",11306,10781,"Michael Apted"
"1375",597,2710,"James Cameron"
"1376",330,488,"Steven Spielberg"
"1377",607,5174,"Barry Sonnenfeld"
"1378",714,1724,"Roger Spottiswoode"
"1379",9772,5231,"Wolfgang Petersen"
"1380",2898,3388,"James L. Brooks"
"1381",1624,4499,"Tom Shadyac"
"1382",8874,3045,"P.J. Hogan"
"1383",18,59,"Luc Besson"
"1384",11970,15810,"Ron Clements"
"1385",11970,15811,"John Musker"
"1386",754,11401,"John Woo"
"1387",415,5572,"Joel Schumacher"
"1388",1701,12786,"Simon West"
"1389",9619,21370,"Roger Donaldson"
"1390",9574,56911,"Les Mayfield"
"1391",10603,54967,"Sam Weisman"
"1392",686,24,"Robert Zemeckis"
"1393",1639,2209,"Jan de Bont"
"1394",8078,2419,"Jean-Pierre Jeunet"
"1395",4824,30365,"Michael Caton-Jones"
"1396",1813,18596,"Taylor Hackford"
"1397",4477,6349,"Alan J. Pakula"
"1398",9444,40345,"Don Bluth"
"1399",9444,12881,"Gary Goldman"
"1400",8834,7187,"Richard Donner"
"1401",9360,26648,"Luis Llosa"
"1402",978,2352,"Jean-Jacques Annaud"
"1403",2118,323,"Curtis Hanson"
"1404",9366,10723,"Mike Newell"
"1405",10357,8843,"Mick Jackson"
"1406",6283,1704,"Gore Verbinski"
"1407",563,10491,"Paul Verhoeven"
"1408",10003,13015,"Phillip Noyce"
"1409",6623,51984,"Mimi Leder"
"1410",2649,7467,"David Fincher"
"1411",10336,87130,"Mark A.Z. Dippé"
"1412",10806,7908,"Frank Oz"
"1413",2163,7213,"Jonathan Mostow"
"1414",66,190,"Clint Eastwood"
"1415",4421,578,"Ridley Scott"
"1416",11975,1776,"Francis Ford Coppola"
"1417",11831,488,"Steven Spielberg"
"1418",12499,8858,"Ivan Reitman"
"1419",11015,37710,"Peter Hyams"
"1420",8860,52038,"Thomas Carter"
"1421",8413,4014,"Paul W. S. Anderson"
"1422",9415,56998,"Dwight H. Little"
"1423",9407,18250,"Jon Avnet"
"1424",9054,56828,"Christopher Cain"
"1425",9922,1269,"Kevin Costner"
"1426",14289,77211,"Félix Alcalá"
"1427",95,865,"Michael Bay"
"1428",857,488,"Steven Spielberg"
"1429",929,6046,"Roland Emmerich"
"1430",9487,7879,"John Lasseter"
"1431",8656,51984,"Mimi Leder"
"1432",10674,66190,"Tony Bancroft"
"1433",10674,66191,"Barry Cook"
"1434",3050,31024,"Betty Thomas"
"1435",944,7187,"Richard Donner"
"1436",37165,2690,"Peter Weir"
"1437",9489,9248,"Nora Ephron"
"1438",9798,893,"Tony Scott"
"1439",9342,10702,"Martin Campbell"
"1440",2109,11091,"Brett Ratner"
"1441",9837,59803,"Brenda Chapman"
"1442",9837,44113,"Steve Hickner"
"1443",9837,21879,"Simon Wells"
"1444",10312,4499,"Tom Shadyac"
"1445",795,11887,"Brad Silberling"
"1446",846,12523,"Rob Bowman"
"1447",547,4135,"Robert Redford"
"1448",9313,2460,"Randall Wallace"
"1449",8916,18863,"Eric Darnell"
"1450",8916,52870,"Tim Johnson"
"1451",6068,8858,"Ivan Reitman"
"1452",10228,65429,"Kunihiko Yuyama"
"1453",9441,10965,"Chris Columbus"
"1454",297,769,"Martin Brest"
"1455",2157,2042,"Stephen Hopkins"
"1456",36647,10808,"Stephen Norrington"
"1457",1965,12989,"Andrew Davis"
"1458",9882,9181,"Edward Zwick"
"1459",200,2388,"Jonathan Frakes"
"1460",8688,1150,"Brian De Palma"
"1461",11808,2523,"Stuart Baird"
"1462",8741,30715,"Terrence Malick"
"1463",8838,23213,"Harold Becker"
"1464",1389,1884,"Steven Soderbergh"
"1465",12159,9198,"Vincent Ward"
"1466",8195,13776,"John Frankenheimer"
"1467",9447,20629,"George Miller"
"1468",9422,2260,"Steven Zaillian"
"1469",11551,4600,"Joe Dante"
"1470",9440,5342,"Mike Nichols"
"1471",2657,23964,"Gary Ross"
"1472",9320,34682,"Jeremiah S. Chechik"
"1473",6435,2171,"Griffin Dunne"
"1474",9631,37932,"F. Gary Gray"
"1475",37498,26760,"Tsui Hark"
"1476",18937,50582,"Frederik Du Chau"
"1477",10153,8246,"Barry Levinson"
"1478",9411,17812,"Gregory Hoblit"
"1479",39437,16294,"Jonathan Demme"
"1480",11258,30149,"Mikael Salomon"
"1481",1893,1,"George Lucas"
"1482",863,7879,"John Lasseter"
"1483",603,5941811,"Larry Wachowski"
"1484",37135,15774,"Chris Buck"
"1485",37135,15775,"Kevin Lima"
"1486",564,7775,"Stephen Sommers"
"1487",36643,10781,"Michael Apted"
"1488",4806,1201,"Garry Marshall"
"1489",10137,18898,"Rob Minkoff"
"1490",497,4027,"Frank Darabont"
"1491",8487,5174,"Barry Sonnenfeld"
"1492",1844,15148,"Jon Amiel"
"1493",9946,37710,"Peter Hyams"
"1494",2668,510,"Tim Burton"
"1495",10398,5696,"Bruce Beresford"
"1496",11618,2209,"Jan de Bont"
"1497",9535,1524,"Harold Ramis"
"1498",8914,16938,"Renny Harlin"
"1499",345,240,"Stanley Kubrick"
"1500",2112,4723,"Brian Helgeland"
"1501",9481,13015,"Phillip Noyce"
"1502",2275,12786,"Simon West"
"1503",332,4759,"David Kellogg"
"1504",10207,46085,"Luis Mandoki"
"1505",11001,56911,"Les Mayfield"
"1506",1439,17167,"Andy Tennant"
"1507",6415,17883,"David O. Russell"
"1508",9564,11201,"Claude Zidi"
"1509",550,7467,"David Fincher"
"1510",9563,1152,"Oliver Stone"
"1511",11353,7908,"Frank Oz"
"1512",1641,18320,"Bronwen Hughes"
"1513",2277,10965,"Chris Columbus"
"1514",12618,2226,"Sydney Pollack"
"1515",10400,13563,"Norman Jewison"
"1516",6522,34849,"Ted Demme"
"1517",10047,59,"Luc Besson"
"1518",1911,1090,"John McTiernan"
"1519",9008,638,"Michael Mann"
"1520",12220,3026,"Rob Reiner"
"1521",10154,64030,"Kelly Makin"
"1522",1850,3974,"Miloš Forman"
"1523",10390,7623,"Sam Raimi"
"1524",2020,20779,"Gary Sinyor"
"1525",9849,18281,"Donald Petrie"
"1526",11374,6159,"Ron Howard"
"1527",12117,12962,"Jon Turteltaub"
"1528",9423,58338,"John Bruno"
"1529",9824,59646,"Kinka Usher"
"1530",8970,54967,"Sam Weisman"
"1531",10386,7087,"Brad Bird"
"1532",955,11401,"John Woo"
"1533",98,578,"Ridley Scott"
"1534",8358,24,"Robert Zemeckis"
"1535",3981,17698,"Nancy Meyers"
"1536",10567,65855,"Ralph Zondag"
"1537",10567,65856,"Eric Leighton"
"1538",8871,6159,"Ron Howard"
"1539",1597,6737,"Jay Roach"
"1540",2133,5231,"Wolfgang Petersen"
"1541",36657,9032,"Bryan Singer"
"1542",2655,24,"Robert Zemeckis"
"1543",4327,36425,"McG"
"1544",462,1884,"Steven Soderbergh"
"1545",9741,11614,"M. Night Shyamalan"
"1546",9679,58498,"Dominic Sena"
"1547",7443,53304,"Peter Lord"
"1548",7443,7314,"Nick Park"
"1549",11678,10702,"Martin Campbell"
"1550",2024,6046,"Roland Emmerich"
"1551",1493,18281,"Donald Petrie"
"1552",1900,1884,"Steven Soderbergh"
"1553",9383,10491,"Paul Verhoeven"
"1554",10481,15775,"Kevin Lima"
"1555",11688,61411,"Mark Dindal"
"1556",2123,7396,"Peter Farrelly"
"1557",2123,7395,"Bobby Farrelly"
"1558",5551,190,"Clint Eastwood"
"1559",3536,7213,"Jonathan Mostow"
"1560",5994,11091,"Brett Ratner"
"1561",12107,13426,"Peter Segal"
"1562",2067,1150,"Brian De Palma"
"1563",4244,12962,"Jon Turteltaub"
"1564",479,6482,"John Singleton"
"1565",8584,46076,"Tom Dey"
"1566",8452,1724,"Roger Spottiswoode"
"1567",10641,6720,"Joan Chen"
"1568",1636,1524,"Harold Ramis"
"1569",107,956,"Guy Ritchie"
"1570",10501,65629,"Bibo Bergeron"
"1571",10501,2036264,"Don Paul"
"1572",10479,15175,"William Friedkin"
"1573",11983,18596,"Taylor Hackford"
"1574",49948,5690,"James Algar"
"1575",49948,56146,"Gaëtan Brizzi"
"1576",49948,74299,"Pixote Hunt"
"1577",49948,65531,"Eric Goldberg"
"1578",49948,56147,"Paul Brizzi"
"1579",49948,74297,"Hendel Butoy"
"1580",49948,12824,"Don Hahn"
"1581",49948,74298,"Francis Glebas"
"1582",889,13581,"Brian Levant"
"1583",9678,32593,"Steven Brill"
"1584",10385,3092,"Diane Keaton"
"1585",10393,26502,"Howard Deutch"
"1586",786,11649,"Cameron Crowe"
"1587",4958,4135,"Robert Redford"
"1588",7450,40345,"Don Bluth"
"1589",7450,12881,"Gary Goldman"
"1590",17711,588701,"Des McAnuff"
"1591",11973,21370,"Roger Donaldson"
"1592",8870,56154,"Antony Hoffman"
"1593",10383,492,"Janusz Kamiński"
"1594",671,10965,"Chris Columbus"
"1595",120,108,"Peter Jackson"
"1596",585,12890,"Pete Docter"
"1597",808,5524,"Andrew Adamson"
"1598",808,12058,"Vicky Jenson"
"1599",161,1884,"Steven Soderbergh"
"1600",676,865,"Michael Bay"
"1601",1734,7775,"Stephen Sommers"
"1602",331,4945,"Joe Johnston"
"1603",869,510,"Tim Burton"
"1604",9740,578,"Ridley Scott"
"1605",5175,11091,"Brett Ratner"
"1606",453,6159,"Ron Howard"
"1607",1995,12786,"Simon West"
"1608",644,488,"Steven Spielberg"
"1609",1903,11649,"Cameron Crowe"
"1610",10992,64191,"Lawrence Guterman"
"1611",10865,62047,"Gary Trousdale"
"1612",10865,62048,"Kirk Wise"
"1613",824,6201,"Baz Luhrmann"
"1614",10808,52112,"Steve Carr"
"1615",855,578,"Ridley Scott"
"1616",6073,1704,"Gore Verbinski"
"1617",9705,58498,"Dominic Sena"
"1618",1535,893,"Tony Scott"
"1619",4248,35689,"Keenen Ivory Wayans"
"1620",11467,18311,"Joe Roth"
"1621",9476,4723,"Brian Helgeland"
"1622",11371,7908,"Frank Oz"
"1623",2043,7256,"Lee Tamahori"
"1624",2034,20907,"Antoine Fuqua"
"1625",12103,5501,"Gary Fleder"
"1626",9397,8858,"Ivan Reitman"
"1627",853,2352,"Jean-Jacques Annaud"
"1628",8489,638,"Michael Mann"
"1629",9896,3415,"Jerry Zucker"
"1630",2114,21692,"Hironobu Sakaguchi"
"1631",4133,34849,"Ted Demme"
"1632",11232,366,"James Mangold"
"1633",10796,57134,"James Wong"
"1634",9378,57521,"Steve Beck"
"1635",3172,8246,"Barry Levinson"
"1636",1722,18844,"John Madden"
"1637",2749,27846,"John Herzfeld"
"1638",10477,16938,"Renny Harlin"
"1639",11456,23213,"Harold Becker"
"1640",167,1978,"Iain Softley"
"1641",14034,54967,"Sam Weisman"
"1642",11086,4027,"Frank Darabont"
"1643",11091,14911,"Penny Marshall"
"1644",2057,21136,"Michael Cristofer"
"1645",11469,40243,"Gil Junger"
"1646",121,108,"Peter Jackson"
"1647",672,10965,"Chris Columbus"
"1648",557,7623,"Sam Raimi"
"1649",1894,1,"George Lucas"
"1650",608,5174,"Barry Sonnenfeld"
"1651",36669,7256,"Lee Tamahori"
"1652",2675,11614,"M. Night Shyamalan"
"1653",425,5713,"Chris Wedge"
"1654",180,488,"Steven Spielberg"
"1655",640,488,"Steven Spielberg"
"1656",1574,17633,"Rob Marshall"
"1657",818,6737,"Jay Roach"
"1658",7451,18878,"Rob Cohen"
"1659",9637,1215,"Raja Gosnell"
"1660",11544,66193,"Chris Sanders"
"1661",11544,69797,"Dean DeBlois"
"1662",565,1704,"Gore Verbinski"
"1663",2501,11694,"Doug Liman"
"1664",9533,11091,"Brett Ratner"
"1665",2642,18323,"Marc Lawrence"
"1666",4547,7467,"David Fincher"
"1667",4614,23968,"Phil Alden Robinson"
"1668",3131,1032,"Martin Scorsese"
"1669",4147,39,"Sam Mendes"
"1670",9021,15045,"Michael Lembeck"
"1671",2022,32593,"Steven Brill"
"1672",10996,18898,"Rob Minkoff"
"1673",9334,26713,"Chuck Russell"
"1674",36586,10828,"Guillermo del Toro"
"1675",7303,39819,"Wayne Wang"
"1676",2899,4275,"Alain Chabat"
"1677",2135,21879,"Simon Wells"
"1678",9023,12079,"Kelly Asbury"
"1679",9023,56660,"Lorna Cook"
"1680",2251,7270,"Adrian Lyne"
"1681",10590,2460,"Randall Wallace"
"1682",320,525,"Christopher Nolan"
"1683",9016,15810,"Ron Clements"
"1684",9016,15811,"John Musker"
"1685",10771,66654,"Kevin Donovan"
"1686",1537,7017,"Roger Michell"
"1687",6278,12523,"Rob Bowman"
"1688",9884,12989,"Andrew Davis"
"1689",5851,46076,"Tom Dey"
"1690",12100,11401,"John Woo"
"1691",11812,11873,"Roger Kumble"
"1692",201,2523,"Stuart Baird"
"1693",3132,5572,"Joel Schumacher"
"1694",8665,14392,"Kathryn Bigelow"
"1695",11892,23393,"Barbet Schroeder"
"1696",9932,1524,"Harold Ramis"
"1697",10052,4499,"Tom Shadyac"
"1698",8427,31024,"Betty Thomas"
"1699",122,108,"Peter Jackson"
"1700",12,7,"Andrew Stanton"
"1701",604,9339,"Lilly Wachowski"
"1702",604,9340,"Lana Wachowski"
"1703",22,1704,"Gore Verbinski"
"1704",310,4499,"Tom Shadyac"
"1705",616,9181,"Edward Zwick"
"1706",296,7213,"Jonathan Mostow"
"1707",605,9340,"Lana Wachowski"
"1708",605,9339,"Lilly Wachowski"
"1709",36658,9032,"Bryan Singer"
"1710",8961,865,"Michael Bay"
"1711",6964,17698,"Nancy Meyers"
"1712",9471,36425,"McG"
"1713",10009,61952,"Aaron Blaise"
"1714",10009,61949,"Robert Walker"
"1715",1927,1614,"Ang Lee"
"1716",584,6482,"John Singleton"
"1717",8273,54584,"Jesse Dylan"
"1718",8619,2690,"Peter Weir"
"1719",9257,47640,"Clark Johnson"
"1720",9506,13426,"Peter Segal"
"1721",10756,18898,"Rob Minkoff"
"1722",8698,10808,"Stephen Norrington"
"1723",9480,16837,"Mark Steven Johnson"
"1724",9919,18281,"Donald Petrie"
"1725",9654,37932,"F. Gary Gray"
"1726",2289,2239,"Anthony Minghella"
"1727",10708,52112,"Steve Carr"
"1728",1996,2209,"Jan de Bont"
"1729",4464,23964,"Gary Ross"
"1730",11820,10723,"Mike Newell"
"1731",10588,5133,"Bo Welch"
"1732",587,510,"Tim Burton"
"1733",10601,3045,"P.J. Hogan"
"1734",11775,1223,"Joel Coen"
"1735",9620,11401,"John Woo"
"1736",1647,21370,"Roger Donaldson"
"1737",10628,48980,"David McNally"
"1738",6038,42994,"David Dobkin"
"1739",9567,20907,"Antoine Fuqua"
"1740",6171,8844,"Lawrence Kasdan"
"1741",10159,36602,"Peter Berg"
"1742",14411,52870,"Tim Johnson"
"1743",14411,1205756,"Patrick Gilmore"
"1744",11329,5501,"Gary Fleder"
"1745",9341,15148,"Jon Amiel"
"1746",10715,4600,"Joe Dante"
"1747",1792,7395,"Bobby Farrelly"
"1748",1792,7396,"Peter Farrelly"
"1749",7270,578,"Ridley Scott"
"1750",2116,21712,"Carl Franklin"
"1751",11375,4037,"Ron Shelton"
"1752",9562,7187,"Richard Donner"
"1753",10782,1090,"John McTiernan"
"1754",809,12080,"Conrad Vernon"
"1755",809,12079,"Kelly Asbury"
"1756",809,5524,"Andrew Adamson"
"1757",673,11218,"Alfonso Cuarón"
"1758",558,7623,"Sam Raimi"
"1759",9806,7087,"Brad Bird"
"1760",435,6046,"Roland Emmerich"
"1761",693,6737,"Jay Roach"
"1762",652,5231,"Wolfgang Petersen"
"1763",10555,12058,"Vicky Jenson"
"1764",10555,65629,"Bibo Bergeron"
"1765",10555,65630,"Rob Letterman"
"1766",163,1884,"Steven Soderbergh"
"1767",2059,12962,"Jon Turteltaub"
"1768",2048,21085,"Alex Proyas"
"1769",5255,24,"Robert Zemeckis"
"1770",7131,7775,"Stephen Sommers"
"1771",2502,25598,"Paul Greengrass"
"1772",6947,11614,"M. Night Shyamalan"
"1773",1538,638,"Michael Mann"
"1774",594,488,"Steven Spielberg"
"1775",2567,1032,"Martin Scorsese"
"1776",11774,11887,"Brad Silberling"
"1777",9477,20907,"Antoine Fuqua"
"1778",8920,18357,"Peter Hewitt"
"1779",1824,13426,"Peter Segal"
"1780",11024,1215,"Raja Gosnell"
"1781",5966,17871,"John Hamburg"
"1782",395,4014,"Paul W. S. Anderson"
"1783",9384,57130,"Todd Phillips"
"1784",4380,36804,"Peter Chelsom"
"1785",1966,1152,"Oliver Stone"
"1786",9833,5572,"Joel Schumacher"
"1787",13700,70287,"Will Finn"
"1788",13700,80671,"John Sanford"
"1789",9509,893,"Tony Scott"
"1790",1577,17649,"Alexander Witt"
"1791",36648,3893,"David S. Goyer"
"1792",2789,28239,"David Twohy"
"1793",2023,4945,"Joe Johnston"
"1794",9890,7908,"Frank Oz"
"1795",11128,46297,"Jay Russell"
"1796",1487,10828,"Guillermo del Toro"
"1797",14462,16294,"Jonathan Demme"
"1798",314,4586,"Pitof"
"1799",11026,16938,"Renny Harlin"
"1800",10204,57370,"Frank Coraci"
"1801",11081,40256,"D.J. Caruso"
"1802",1997,2352,"Jean-Jacques Annaud"
"1803",10589,11091,"Brett Ratner"
"1804",5137,41378,"Kerry Conran"
"1805",11358,34453,"Kevin Bray"
"1806",2539,3388,"James L. Brooks"
"1807",4599,1201,"Garry Marshall"
"1808",15045,54644,"Joel Zwick"
"1809",674,10723,"Mike Newell"
"1810",1895,1,"George Lucas"
"1811",411,5524,"Andrew Adamson"
"1812",74,488,"Steven Spielberg"
"1813",254,108,"Peter Jackson"
"1814",953,18863,"Eric Darnell"
"1815",953,18864,"Tom McGrath"
"1816",787,11694,"Doug Liman"
"1817",118,510,"Tim Burton"
"1818",272,525,"Christopher Nolan"
"1819",8488,17167,"Andy Tennant"
"1820",9738,20400,"Tim Story"
"1821",9982,61411,"Mark Dindal"
"1822",9928,5713,"Chris Wedge"
"1823",561,10943,"Francis Lawrence"
"1824",9315,57270,"Robert Schwentke"
"1825",1495,578,"Ridley Scott"
"1826",7552,15002,"Dean Parisot"
"1827",10022,20739,"Adam Shankman"
"1828",9291,13426,"Peter Segal"
"1829",1635,865,"Michael Bay"
"1830",179,2226,"Sydney Pollack"
"1831",1904,17633,"Rob Marshall"
"1832",10320,26875,"Hideo Nakata"
"1833",11451,7312,"Angela Robinson"
"1834",1656,10702,"Martin Campbell"
"1835",9722,9248,"Nora Ephron"
"1836",612,488,"Steven Spielberg"
"1837",9641,20739,"Adam Shankman"
"1838",7364,52609,"Breck Eisner"
"1839",6519,52049,"Jay Chandrasekhar"
"1840",921,6159,"Ron Howard"
"1841",4442,280,"Terry Gilliam"
"1842",7453,52842,"Garth Jennings"
"1843",9007,54050,"Mark Waters"
"1844",25,39,"Sam Mendes"
"1845",4551,37932,"F. Gary Gray"
"1846",231,2945,"Stephen Gaghan"
"1847",8292,6482,"John Singleton"
"1848",2800,3026,"Rob Reiner"
"1849",2026,1011158,"Florent-Emilio Siri"
"1850",10048,18878,"Rob Cohen"
"1851",1830,8685,"Andrew Niccol"
"1852",13499,1215,"Raja Gosnell"
"1853",14199,2294,"Robert Rodriguez"
"1854",11679,7256,"Lee Tamahori"
"1855",6795,15277,"Jon Favreau"
"1856",10214,64191,"Lawrence Guterman"
"1857",8814,10765,"Andrzej Bartkowiak"
"1858",8202,54025,"Karyn Kusama"
"1859",9621,11649,"Cameron Crowe"
"1860",58,1704,"Gore Verbinski"
"1861",591,6159,"Ron Howard"
"1862",950,5714,"Carlos Saldanha"
"1863",36557,10702,"Martin Campbell"
"1864",1593,17825,"Shawn Levy"
"1865",920,7879,"John Lasseter"
"1866",36668,11091,"Brett Ratner"
"1867",956,15344,"J.J. Abrams"
"1868",1452,9032,"Bryan Singer"
"1869",9836,20629,"George Miller"
"1870",7518,52845,"Karey Kirkpatrick"
"1871",7518,52870,"Tim Johnson"
"1872",1402,20646,"Gabriele Muccino"
"1873",1422,1032,"Martin Scorsese"
"1874",2486,25453,"Stefen Fangmeier"
"1875",9339,57370,"Frank Coraci"
"1876",9767,59026,"Peyton Reed"
"1877",1581,17698,"Nancy Meyers"
"1878",7484,15812,"Roger Allers"
"1879",7484,7881,"Jill Culton"
"1880",503,5231,"Wolfgang Petersen"
"1881",7551,893,"Tony Scott"
"1882",11619,33183,"David Bowers"
"1883",11619,58897,"Sam Fell"
"1884",1372,9181,"Edward Zwick"
"1885",82,638,"Michael Mann"
"1886",1852,1152,"Oliver Stone"
"1887",9718,55710,"Adam McKay"
"1888",9615,58189,"Justin Lin"
"1889",12096,17825,"Shawn Levy"
"1890",1125,15557,"Bill Condon"
"1891",9986,17046,"Gary Winick"
"1892",9513,49903,"Tim Hill"
"1893",9297,57193,"Gil Kenan"
"1894",1427,1071,"Tom Tykwer"
"1895",752,11266,"James McTeigue"
"1896",1819,19271,"Anthony Russo"
"1897",1819,19272,"Joe Russo"
"1898",6877,46076,"Tom Dey"
"1899",9907,4489,"Steve Oedekerk"
"1900",834,3950,"Len Wiseman"
"1901",9992,59,"Luc Besson"
"1902",9904,60207,"Steve Williams"
"1903",9072,35689,"Keenen Ivory Wayans"
"1904",588,8296,"Christophe Gans"
"1905",1247,380,"Robert De Niro"
"1906",9530,5174,"Barry Sonnenfeld"
"1907",10067,53177,"Brian Robbins"
"1908",5820,47640,"Clark Johnson"
"1909",9697,11614,"M. Night Shyamalan"
"1910",9693,11218,"Alfonso Cuarón"
"1911",9975,61290,"Matthew O'Callaghan"
"1912",3683,190,"Clint Eastwood"
"1913",2207,7187,"Richard Donner"
"1914",285,1704,"Gore Verbinski"
"1915",675,11343,"David Yates"
"1916",559,7623,"Sam Raimi"
"1917",810,12098,"Chris Miller"
"1918",1858,865,"Michael Bay"
"1919",2062,7087,"Brad Bird"
"1920",6479,10943,"Francis Lawrence"
"1921",35,197,"David Silverman"
"1922",6637,12962,"Jon Turteltaub"
"1923",1271,15217,"Zack Snyder"
"1924",2503,25598,"Paul Greengrass"
"1925",1571,3950,"Len Wiseman"
"1926",2268,3288,"Chris Weitz"
"1927",6477,49903,"Tim Hill"
"1928",4523,15775,"Kevin Lima"
"1929",298,1884,"Steven Soderbergh"
"1930",1979,20400,"Tim Story"
"1931",5559,44114,"Simon J. Smith"
"1932",5559,44113,"Steve Hickner"
"1933",4982,578,"Ridley Scott"
"1934",5174,11091,"Brett Ratner"
"1935",11199,68573,"Walt Becker"
"1936",1250,16837,"Mark Steven Johnson"
"1937",2310,24,"Robert Zemeckis"
"1938",3563,17494,"Dennis Dugan"
"1939",7350,3026,"Rob Reiner"
"1940",2698,4499,"Tom Shadyac"
"1941",1267,16842,"Stephen J. Anderson"
"1942",13885,510,"Tim Burton"
"1943",9408,15774,"Chris Buck"
"1944",9408,12905,"Ash Brannon"
"1945",7737,52968,"Russell Mulcahy"
"1946",11172,18323,"Marc Lawrence"
"1947",1265,36697,"Gábor Csupó"
"1948",2270,957,"Matthew Vaughn"
"1949",440,6037,"Colin Strause"
"1950",440,6038,"Greg Strause"
"1951",9038,7395,"Bobby Farrelly"
"1952",9038,7396,"Peter Farrelly"
"1953",6538,5342,"Mike Nichols"
"1954",9955,60923,"Will Speck"
"1955",9955,60922,"Josh Gordon"
"1956",5375,42994,"David Dobkin"
"1957",7485,20907,"Antoine Fuqua"
"1958",2976,20739,"Adam Shankman"
"1959",4349,36602,"Peter Berg"
"1960",1949,7467,"David Fincher"
"1961",1248,16785,"Peter Webber"
"1962",1738,7256,"Lee Tamahori"
"1963",4517,37630,"Shekhar Kapur"
"1964",7183,15890,"James Foley"
"1965",5176,366,"James Mangold"
"1966",4413,17016,"Neil Jordan"
"1967",2284,23539,"Zach Helm"
"1968",2252,224,"David Cronenberg"
"1969",155,525,"Christopher Nolan"
"1970",217,488,"Steven Spielberg"
"1971",9502,57741,"Mark Osborne"
"1972",9502,57742,"John Stevenson"
"1973",8960,36602,"Peter Berg"
"1974",11631,71068,"Phyllida Lloyd"
"1975",10527,18863,"Eric Darnell"
"1976",10527,18864,"Tom McGrath"
"1977",10764,12995,"Marc Forster"
"1978",1726,15277,"Jon Favreau"
"1979",10681,7,"Andrew Stanton"
"1980",2454,5524,"Andrew Adamson"
"1981",4564,38023,"Michael Patrick King"
"1982",1735,18878,"Rob Cohen"
"1983",8909,23430,"Timur Bekmambetov"
"1984",4922,7467,"David Fincher"
"1985",13053,70238,"Chris Williams"
"1986",13053,76595,"Byron Howard"
"1987",12222,71729,"Steve Martino"
"1988",12222,8029,"Jimmy Hayward"
"1989",7840,6046,"Roland Emmerich"
"1990",1724,18865,"Louis Leterrier"
"1991",14306,5065,"David Frankel"
"1992",12289,11401,"John Woo"
"1993",10200,55499,"Scott Derrickson"
"1994",11665,13426,"Peter Segal"
"1995",10201,59026,"Peyton Reed"
"1996",8247,11694,"Doug Liman"
"1997",10202,20739,"Adam Shankman"
"1998",6972,6201,"Baz Luhrmann"
"1999",10661,17494,"Dennis Dugan"
"2000",2253,9032,"Bryan Singer"
"2001",7446,7399,"Ben Stiller"
"2002",13027,40256,"D.J. Caruso"
"2003",11321,20646,"Gabriele Muccino"
"2004",8204,54050,"Mark Waters"
"2005",12193,71600,"Seth Gordon"
"2006",8645,11614,"M. Night Shyamalan"
"2007",11253,10828,"Guillermo del Toro"
"2008",7461,43141,"Pete Travis"
"2009",2395,20674,"Thomas Langmann"
"2010",2395,24886,"Frédéric Forestier"
"2011",12133,55710,"Adam McKay"
"2012",1729,18898,"Rob Minkoff"
"2013",3580,190,"Clint Eastwood"
"2014",12113,578,"Ridley Scott"
"2015",7555,16483,"Sylvester Stallone"
"2016",8676,17167,"Andy Tennant"
"2017",88751,9622,"Eric Brevig"
"2018",7459,9340,"Lana Wachowski"
"2019",7459,9339,"Lilly Wachowski"
"2020",10199,64152,"Robert Stevenhagen"
"2021",10199,58897,"Sam Fell"
"2022",13389,18250,"Jon Avnet"
"2023",10483,4014,"Paul W. S. Anderson"
"2024",9381,2406,"Mathieu Kassovitz"
"2025",2309,1978,"Iain Softley"
"2026",19995,2710,"James Cameron"
"2027",767,11343,"David Yates"
"2028",8355,5714,"Carlos Saldanha"
"2029",8373,865,"Michael Bay"
"2030",14161,6046,"Roland Emmerich"
"2031",14160,12890,"Pete Docter"
"2032",18239,3288,"Chris Weitz"
"2033",10528,956,"Guy Ritchie"
"2034",13448,6159,"Ron Howard"
"2035",23398,31024,"Betty Thomas"
"2036",18360,17825,"Shawn Levy"
"2037",13475,15344,"J.J. Abrams"
"2038",15512,65630,"Rob Letterman"
"2039",15512,12080,"Conrad Vernon"
"2040",2080,13079,"Gavin Hood"
"2041",534,36425,"McG"
"2042",13804,58189,"Justin Lin"
"2043",17979,24,"Robert Zemeckis"
"2044",16869,138,"Quentin Tarantino"
"2045",14869,7775,"Stephen Sommers"
"2046",19585,84851,"Hoyt Yeatman"
"2047",10198,15810,"Ron Clements"
"2048",10198,15811,"John Musker"
"2049",13576,65310,"Kenny Ortega"
"2050",22794,107446,"Phil Lord"
"2051",22794,155267,"Christopher Miller"
"2052",22897,17698,"Nancy Meyers"
"2053",11322,638,"Michael Mann"
"2054",14836,57646,"Henry Selick"
"2055",13183,15217,"Zack Snyder"
"2056",19899,12708,"Peter Billingsley"
"2057",13811,21085,"Alex Proyas"
"2058",18487,893,"Tony Scott"
"2059",18480,6767,"Larry Charles"
"2060",22803,37932,"F. Gary Gray"
"2061",19959,7213,"Jonathan Mostow"
"2062",22954,190,"Clint Eastwood"
"2063",15384,11401,"John Woo"
"2064",13836,58375,"Andy Fickman"
"2065",16866,117052,"Jorge Blanco"
"2066",16523,5953,"Spike Jonze"
"2067",7980,108,"Peter Jackson"
"2068",16995,17350,"Kevin Macdonald"
"2069",24438,18323,"Marc Lawrence"
"2070",16558,19242,"Tony Gilroy"
"2071",15159,21981,"Harald Zwart"
"2072",20829,41039,"Judd Apatow"
"2073",18162,11887,"Brad Silberling"
"2074",17610,1524,"Harold Ramis"
"2075",4959,1071,"Tom Tykwer"
"2076",20856,79656,"John Schultz"
"2077",10197,17633,"Rob Marshall"
"2078",26505,59,"Luc Besson"
"2079",10193,8,"Lee Unkrich"
"2080",12155,510,"Tim Burton"
"2081",12444,11343,"David Yates"
"2082",27205,525,"Christopher Nolan"
"2083",10192,64151,"Mike Mitchell"
"2084",24021,27571,"David Slade"
"2085",10138,15277,"Jon Favreau"
"2086",38757,76595,"Byron Howard"
"2087",38757,121830,"Nathan Greno"
"2088",20352,124748,"Chris Renaud"
"2089",20352,124747,"Pierre Coffin"
"2090",10191,66193,"Chris Sanders"
"2091",10191,69797,"Dean DeBlois"
"2092",18823,18865,"Louis Leterrier"
"2093",10140,10781,"Michael Apted"
"2094",20526,86270,"Joseph Kosinski"
"2095",9543,10723,"Mike Newell"
"2096",38055,18864,"Tom McGrath"
"2097",20662,578,"Ridley Scott"
"2098",10196,11614,"M. Night Shyamalan"
"2099",39451,3289,"Paul Weitz"
"2100",35791,4014,"Paul W. S. Anderson"
"2101",11324,1032,"Martin Scorsese"
"2102",27576,13015,"Phillip Noyce"
"2103",37786,38023,"Michael Patrick King"
"2104",37710,8193,"Florian Henckel von Donnersmarck"
"2105",27578,16483,"Sylvester Stallone"
"2106",38365,17494,"Dennis Dugan"
"2107",37834,366,"James Mangold"
"2108",38745,65630,"Rob Letterman"
"2109",32657,10965,"Chris Columbus"
"2110",32856,1201,"Garry Marshall"
"2111",27022,12962,"Jon Turteltaub"
"2112",41733,57130,"Todd Phillips"
"2113",38167,52779,"Ryan Murphy"
"2114",41515,9622,"Eric Brevig"
"2115",39514,57270,"Robert Schwentke"
"2116",34544,40223,"Joe Carnahan"
"2117",27581,55710,"Adam McKay"
"2118",44048,893,"Tony Scott"
"2119",20504,11448,"Allen Hughes"
"2120",20504,11447,"Albert Hughes"
"2121",35056,17825,"Shawn Levy"
"2122",7978,4945,"Joe Johnston"
"2123",41216,15217,"Zack Snyder"
"2124",33909,1152,"Oliver Stone"
"2125",39691,132876,"Brad Peyton"
"2126",44603,190,"Clint Eastwood"
"2127",37821,36797,"Robert Luketic"
"2128",22972,25598,"Paul Greengrass"
"2129",42297,42745,"Steve Antin"
"2130",38778,6737,"Jay Roach"
"2131",38579,46076,"Tom Dey"
"2132",12201,10702,"Martin Campbell"
"2133",12445,11343,"David Yates"
"2134",38356,865,"Michael Bay"
"2135",1865,17633,"Rob Marshall"
"2136",50619,15557,"Bill Condon"
"2137",56292,7087,"Brad Bird"
"2138",49444,142312,"Jennifer Yuh Nelson"
"2139",51497,58189,"Justin Lin"
"2140",45243,57130,"Todd Phillips"
"2141",41513,1215,"Raja Gosnell"
"2142",49013,7879,"John Lasseter"
"2143",417859,12098,"Chris Miller"
"2144",46195,5714,"Carlos Saldanha"
"2145",61791,77357,"Rupert Wyatt"
"2146",10195,11181,"Kenneth Branagh"
"2147",17578,488,"Steven Spielberg"
"2148",1771,4945,"Joe Johnston"
"2149",49538,957,"Matthew Vaughn"
"2150",55301,64151,"Mike Mitchell"
"2151",58574,956,"Guy Ritchie"
"2152",39254,17825,"Shawn Levy"
"2153",37686,15344,"J.J. Abrams"
"2154",44896,1704,"Gore Verbinski"
"2155",65754,7467,"David Fincher"
"2156",40805,201,"Michel Gondry"
"2157",37958,56512,"Tarsem Singh"
"2158",44912,10702,"Martin Campbell"
"2159",50546,17494,"Dennis Dugan"
"2160",44943,66739,"Jonathan Liebesman"
"2161",58224,54050,"Mark Waters"
"2162",44826,1032,"Martin Scorsese"
"2163",50359,49903,"Tim Hill"
"2164",57212,488,"Steven Spielberg"
"2165",49849,15277,"Jon Favreau"
"2166",38317,57370,"Frank Coraci"
"2167",59108,11091,"Brett Ratner"
"2168",65759,20629,"George Miller"
"2169",46529,40256,"D.J. Caruso"
"2170",71880,17494,"Dennis Dugan"
"2171",50646,56411,"Glenn Ficarra"
"2172",50646,56412,"John Requa"
"2173",62838,1201,"Garry Marshall"
"2174",39538,1884,"Steven Soderbergh"
"2175",71676,20192,"Brian Taylor"
"2176",71676,20193,"Mark Neveldine"
"2177",52451,4014,"Paul W. S. Anderson"
"2178",38050,1921,"George Nolfi"
"2179",74465,11649,"Cameron Crowe"
"2180",76758,607,"Zhang Yimou"
"2181",23629,15217,"Zack Snyder"
"2182",38321,116357,"Scott Stewart"
"2183",49520,42994,"David Dobkin"
"2184",44564,6159,"Ron Howard"
"2185",24428,12891,"Joss Whedon"
"2186",37724,39,"Sam Mendes"
"2187",49026,525,"Christopher Nolan"
"2188",49051,108,"Peter Jackson"
"2189",57800,229962,"Mike Thurmeier"
"2190",57800,71729,"Steve Martino"
"2191",50620,15557,"Bill Condon"
"2192",1930,87742,"Marc Webb"
"2193",80321,18863,"Eric Darnell"
"2194",80321,18864,"Tom McGrath"
"2195",80321,12080,"Conrad Vernon"
"2196",70160,23964,"Gary Ross"
"2197",41154,5174,"Barry Sonnenfeld"
"2198",87827,1614,"Ang Lee"
"2199",72105,52139,"Seth MacFarlane"
"2200",62177,59803,"Brenda Chapman"
"2201",62177,126638,"Mark Andrews"
"2202",82690,165787,"Rich Moore"
"2203",82695,70500,"Tom Hooper"
"2204",68718,138,"Quentin Tarantino"
"2205",70981,578,"Ridley Scott"
"2206",58595,228134,"Rupert Sanders"
"2207",82675,75035,"Olivier Megaton"
"2208",76492,185438,"Genndy Tartakovsky"
"2209",72545,132876,"Brad Peyton"
"2210",73723,124748,"Chris Renaud"
"2211",76163,12786,"Simon West"
"2212",81188,151007,"Peter Ramsey"
"2213",44833,36602,"Peter Berg"
"2214",57165,66739,"Jonathan Liebesman"
"2215",49529,7,"Andrew Stanton"
"2216",49040,19242,"Tony Gilroy"
"2217",72976,488,"Steven Spielberg"
"2218",62213,510,"Tim Burton"
"2219",71679,4014,"Paul W. S. Anderson"
"2220",71552,68843,"Jon Hurwitz"
"2221",71552,68844,"Hayden Schlossberg"
"2222",75780,9033,"Christopher McQuarrie"
"2223",59961,125738,"Daniel Espinosa"
"2224",64635,3950,"Len Wiseman"
"2225",80278,51894,"J.A. Bayona"
"2226",62764,56512,"Tarsem Singh"
"2227",76493,6767,"Larry Charles"
"2228",52520,80923,"Måns Mårlind"
"2229",52520,80924,"Björn Stein"
"2230",59962,36425,"McG"
"2231",83542,9339,"Lilly Wachowski"
"2232",83542,9340,"Lana Wachowski"
"2233",83542,1071,"Tom Tykwer"
"2234",72197,53304,"Peter Lord"
"2235",72331,23430,"Timur Bekmambetov"
"2236",77174,58897,"Sam Fell"
"2237",77174,154705,"Chris Butler"
"2238",77953,6737,"Jay Roach"
"2239",82525,1152,"Oliver Stone"
"2240",80035,62854,"Akiva Schaffer"
"2241",99770,64575,"Laurent Tirard"
"2242",80585,20739,"Adam Shankman"
"2243",87428,74619,"Sean Anders"
"2244",109445,1120694,"Jennifer Lee"
"2245",109445,15774,"Chris Buck"
"2246",68721,1108,"Shane Black"
"2247",93456,124747,"Pierre Coffin"
"2248",93456,124748,"Chris Renaud"
"2249",57158,108,"Peter Jackson"
"2250",101299,10943,"Francis Lawrence"
"2251",82992,58189,"Justin Lin"
"2252",62211,225976,"Dan Scanlon"
"2253",49047,11218,"Alfonso Cuarón"
"2254",49521,15217,"Zack Snyder"
"2255",76338,47005,"Alan Taylor"
"2256",49519,71267,"Kirk DeMicco"
"2257",49519,66193,"Chris Sanders"
"2258",72190,12995,"Marc Forster"
"2259",68728,7623,"Sam Raimi"
"2260",54138,15344,"J.J. Abrams"
"2261",76170,366,"James Mangold"
"2262",68726,10828,"Guillermo del Toro"
"2263",106646,1032,"Martin Scorsese"
"2264",72559,54507,"Jon M. Chu"
"2265",109439,57130,"Todd Phillips"
"2266",75656,18865,"Louis Leterrier"
"2267",64682,6201,"Baz Luhrmann"
"2268",77931,1215,"Raja Gosnell"
"2269",47964,12028,"John Moore"
"2270",75612,86270,"Joseph Kosinski"
"2271",68724,82194,"Neill Blomkamp"
"2272",77950,94075,"David Soren"
"2273",116711,5713,"Chris Wedge"
"2274",57201,1704,"Gore Verbinski"
"2275",109451,1046494,"Kris Pearn"
"2276",109451,12095,"Cody Cameron"
"2277",109418,17494,"Dennis Dugan"
"2278",82700,11614,"M. Night Shyamalan"
"2279",60304,76927,"Tommy Wirkola"
"2280",151960,111736,"Klay Hall"
"2281",109424,25598,"Paul Greengrass"
"2282",117251,6046,"Roland Emmerich"
"2283",76285,109857,"Thor Freudenthal"
"2284",81005,9032,"Bryan Singer"
"2285",116745,7399,"Ben Stiller"
"2286",109443,55710,"Adam McKay"
"2287",117263,20907,"Antoine Fuqua"
"2288",64686,239571,"Carl Rinsch"
"2289",146216,15002,"Dean Parisot"
"2290",107846,29605,"Mikael Håfström"
"2291",136400,67813,"Baltasar Kormákur"
"2292",77951,561061,"Neil Nightingale"
"2293",77951,66191,"Barry Cook"
"2294",80274,13079,"Gavin Hood"
"2295",175574,8029,"Jimmy Hayward"
"2296",82682,91268,"Ruben Fleischer"
"2297",123553,21981,"Harald Zwart"
"2298",116741,17825,"Shawn Levy"
"2299",91314,865,"Michael Bay"
"2300",122917,108,"Peter Jackson"
"2301",118340,15218,"James Gunn"
"2302",102651,1032536,"Robert Stromberg"
"2303",131631,10943,"Francis Lawrence"
"2304",157336,525,"Christopher Nolan"
"2305",127585,9032,"Bryan Singer"
"2306",100402,19272,"Joe Russo"
"2307",100402,19271,"Anthony Russo"
"2308",119450,32278,"Matt Reeves"
"2309",102382,87742,"Marc Webb"
"2310",177572,70238,"Chris Williams"
"2311",177572,227439,"Don Hall"
"2312",82702,69797,"Dean DeBlois"
"2313",190859,190,"Clint Eastwood"
"2314",124905,129894,"Gareth Edwards"
"2315",172385,5714,"Carlos Saldanha"
"2316",98566,66739,"Jonathan Liebesman"
"2317",137106,107446,"Phil Lord"
"2318",137106,155267,"Christopher Miller"
"2319",270946,44114,"Simon J. Smith"
"2320",270946,18863,"Eric Darnell"
"2321",210577,7467,"David Fincher"
"2322",137113,11694,"Doug Liman"
"2323",181533,17825,"Shawn Levy"
"2324",86834,6431,"Darren Aronofsky"
"2325",53182,78914,"Noam Murro"
"2326",187017,107446,"Phil Lord"
"2327",187017,155267,"Christopher Miller"
"2328",116149,101666,"Paul King"
"2329",157350,17329,"Neil Burger"
"2330",82703,18898,"Rob Minkoff"
"2331",147441,578,"Ridley Scott"
"2332",184315,11091,"Brett Ratner"
"2333",97020,52576,"José Padilha"
"2334",225574,59521,"Jaume Collet-Serra"
"2335",49017,1167470,"Gary Shore"
"2336",138103,143059,"Patrick Hughes"
"2337",224141,17633,"Rob Marshall"
"2338",228150,19769,"David Ayer"
"2339",136797,293911,"Scott Waugh"
"2340",156022,20907,"Antoine Fuqua"
"2341",119892,93991,"Soi Cheang"
"2342",227306,11701,"Angelina Jolie"
"2343",216282,93214,"Steven Quale"
"2344",152760,1461,"George Clooney"
"2345",218836,210053,"Bobs Gannaway"
"2346",196867,82511,"Will Gluck"
"2347",137094,11181,"Kenneth Branagh"
"2348",76649,4014,"Paul W. S. Anderson"
"2349",68737,130938,"Sergei Bodrov"
"2350",170687,1152981,"Graham Annable"
"2351",170687,52691,"Anthony Stacchi"
"2352",157353,559,"Wally Pfister"
"2353",228326,1265056,"Jorge R. Gutierrez"
"2354",100241,1707,"Stuart Beattie"
"2355",140607,15344,"J.J. Abrams"
"2356",135397,930707,"Colin Trevorrow"
"2357",168259,2127,"James Wan"
"2358",99861,12891,"Joss Whedon"
"2359",211672,8023,"Kyle Balda"
"2360",211672,124747,"Pierre Coffin"
"2361",206647,39,"Sam Mendes"
"2362",150540,12890,"Pete Docter"
"2363",177677,9033,"Christopher McQuarrie"
"2364",131634,10943,"Francis Lawrence"
"2365",286217,578,"Ridley Scott"
"2366",216015,1137903,"Sam Taylor-Johnson"
"2367",150689,11181,"Kenneth Branagh"
"2368",281957,223,"Alejandro González Iñárritu"
"2369",102899,59026,"Peyton Reed"
"2370",254128,132876,"Brad Peyton"
"2371",159824,185438,"Genndy Tartakovsky"
"2372",87101,47005,"Alan Taylor"
"2373",207703,957,"Matthew Vaughn"
"2374",76341,20629,"George Miller"
"2375",228161,52870,"Tim Johnson"
"2376",105864,21198,"Peter Sohn"
"2377",228165,217174,"Paul Tibbitt"
"2378",228165,64151,"Mike Mitchell"
"2379",294254,1179066,"Wes Ball"
"2380",262500,57270,"Robert Schwentke"
"2381",227973,71729,"Steve Martino"
"2382",257344,10965,"Chris Columbus"
"2383",274167,74619,"Sean Anders"
"2384",238713,116805,"Paul Feig"
"2385",258509,68573,"Walt Becker"
"2386",214756,52139,"Seth MacFarlane"
"2387",158852,7087,"Brad Bird"
"2388",253412,67813,"Baltasar Kormákur"
"2389",76757,9339,"Lilly Wachowski"
"2390",76757,9340,"Lana Wachowski"
"2391",166424,934803,"Josh Trank"
"2392",296098,488,"Steven Spielberg"
"2393",257445,65630,"Rob Letterman"
"2394",273248,138,"Quentin Tarantino"
"2395",256591,56411,"Glenn Ficarra"
"2396",256591,56412,"John Requa"
"2397",274854,52609,"Breck Eisner"
"2398",257088,21673,"Ericson Core"
"2399",266647,36588,"Joe Wright"
"2400",300168,57832,"Daniel Lee"
"2401",203801,956,"Guy Ritchie"
"2402",198184,82194,"Neill Blomkamp"
"2403",309809,57741,"Mark Osborne"
"2404",274479,17883,"David O. Russell"
"2405",261023,65167,"Scott Cooper"
"2406",205775,6159,"Ron Howard"
"2407",201085,10828,"Guillermo del Toro"
"2408",241554,59521,"Jaume Collet-Serra"
"2409",271110,19272,"Joe Russo"
"2410",271110,19271,"Anthony Russo"
"2411",330459,129894,"Gareth Edwards"
"2412",127380,7,"Andrew Stanton"
"2413",269149,76595,"Byron Howard"
"2414",269149,165787,"Rich Moore"
"2415",278927,15277,"Jon Favreau"
"2416",328111,124748,"Chris Renaud"
"2417",209112,15217,"Zack Snyder"
"2418",259316,11343,"David Yates"
"2419",293660,55252,"Tim Miller"
"2420",297761,19769,"David Ayer"
"2421",277834,15811,"John Musker"
"2422",277834,15810,"Ron Clements"
"2423",284052,55499,"Scott Derrickson"
"2424",335797,52842,"Garth Jennings"
"2425",381890,57607,"Stephen Chow"
"2426",246655,9032,"Bryan Singer"
"2427",140300,142312,"Jennifer Yuh Nelson"
"2428",140300,1262481,"Alessandro Carloni"
"2429",68735,81850,"Duncan Jones"
"2430",324668,25598,"Paul Greengrass"
"2431",278154,229962,"Mike Thurmeier"
"2432",47933,6046,"Roland Emmerich"
"2433",258489,11343,"David Yates"
"2434",153518,1281387,"Clay Kaytis"
"2435",153518,52701,"Fergal Reilly"
"2436",136799,64151,"Mike Mitchell"
"2437",188927,58189,"Justin Lin"
"2438",291805,54507,"Jon M. Chu"
"2439",311324,607,"Zhang Yimou"
"2440",274870,77965,"Morten Tyldum"
"2441",241259,26205,"James Bobin"
"2442",283366,510,"Tim Burton"
"2443",308531,1101410,"Dave Green"
"2444",363676,190,"Clint Eastwood"
"2445",121856,549310,"Justin Kurzel"
"2446",43074,116805,"Paul Feig"
"2447",207932,6159,"Ron Howard"
"2448",302699,57633,"Rawson Marshall Thurber"
"2449",267860,132239,"Babak Najafi"
"2450",267935,488,"Steven Spielberg"
"2451",381902,93991,"Soi Cheang"
"2452",372399,116923,"Trivikram Srinivas"
"2453",332210,8010,"Doug Sweetland"
"2454",332210,52934,"Nicholas Stoller"
"2455",262504,57270,"Robert Schwentke"
"2456",290595,1454884,"Cedric Nicolas-Troyan"
"2457",333484,20907,"Antoine Fuqua"
"2458",343611,9181,"Edward Zwick"
"2459",205584,21085,"Alex Proyas"
"2460",294272,592493,"David Lowery"
"2461",296524,36602,"Peter Berg"
"2462",369885,24,"Robert Zemeckis"
"2463",271969,23430,"Timur Bekmambetov"
"2464",313297,1033661,"Travis Knight"
"2465",181808,67367,"Rian Johnson"
"2466",321612,15557,"Bill Condon"
"2467",337339,37932,"F. Gary Gray"
"2468",324852,8023,"Kyle Balda"
"2469",324852,124747,"Pierre Coffin"
"2470",353486,51851,"Jake Kasdan"
"2471",315635,1293994,"Jon Watts"
"2472",283995,15218,"James Gunn"
"2473",284053,55934,"Taika Waititi"
"2474",297762,6884,"Patty Jenkins"
"2475",354912,8,"Lee Unkrich"
"2476",166426,20308,"Espen Sandberg"
"2477",166426,20307,"Joachim Rønning"
"2478",141052,15217,"Zack Snyder"
"2479",263115,366,"James Mangold"
"2480",335988,865,"Michael Bay"
"2481",293167,236539,"Jordan Vogt-Roberts"
"2482",295693,18864,"Tom McGrath"
"2483",374720,525,"Christopher Nolan"
"2484",281338,32278,"Matt Reeves"
"2485",316029,1276373,"Michael Gracey"
"2486",343668,957,"Matthew Vaughn"
"2487",282035,15345,"Alex Kurtzman"
"2488",260514,1443386,"Brian Fee"
"2489",341174,15890,"James Foley"
"2490",392044,11181,"Kenneth Branagh"
"2491",47971,40256,"D.J. Caruso"
"2492",324849,144816,"Chris McKay"
"2493",364689,5714,"Carlos Saldanha"
"2494",346648,101666,"Paul King"
"2495",335984,137427,"Denis Villeneuve"
"2496",383785,44916,"Stanley Tong Gwai-Lai"
"2497",435800,26760,"Tsui Hark"
"2498",126889,578,"Ridley Scott"
"2499",339964,59,"Luc Besson"
"2500",274855,8676,"Dean Devlin"
"2501",378236,89112,"Tony Leondis"
"2502",137116,12079,"Kelly Asbury"
"2503",353616,1278722,"Trish Sie"
"2504",419680,74619,"Sean Anders"
"2505",446354,488,"Steven Spielberg"
"2506",339846,71600,"Seth Gordon"
"2507",324552,40644,"Chad Stahelski"
"2508",315837,228134,"Rupert Sanders"
"2509",274857,956,"Guy Ritchie"
"2510",305470,1099862,"Dean Israelite"
"2511",337170,11694,"Doug Liman"
"2512",274862,1218988,"Charlie Bean"
"2513",274862,1767030,"Bob Logan"
"2514",274862,934181,"Paul Fisher"
"2515",353491,74752,"Nikolaj Arcel"
"2516",395992,125738,"Daniel Espinosa"
"2517",373569,56661,"Jonathan Levine"
"2518",446791,578,"Ridley Scott"
"2519",299536,19272,"Joe Russo"
"2520",299536,19271,"Anthony Russo"
"2521",284054,1056121,"Ryan Coogler"
"2522",351286,51894,"J.A. Bayona"
"2523",260513,7087,"Brad Bird"
"2524",297802,2127,"James Wan"
"2525",424694,9032,"Bryan Singer"
"2526",335983,91268,"Ruben Fleischer"
"2527",353081,9033,"Christopher McQuarrie"
"2528",383498,40684,"David Leitch"
"2529",338952,11343,"David Yates"
"2530",363088,59026,"Peyton Reed"
"2531",333339,488,"Steven Spielberg"
"2532",460555,81220,"Dante Lam Chiu-Yin"
"2533",505513,1065761,"Chen Sicheng"
"2534",345940,12962,"Jon Turteltaub"
"2535",404368,567562,"Phil Johnston"
"2536",404368,165787,"Rich Moore"
"2537",400155,185438,"Genndy Tartakovsky"
"2538",360920,61300,"Yarrow Cheney"
"2539",360920,20503,"Scott Mosier"
"2540",424783,1033661,"Travis Knight"
"2541",427641,132876,"Brad Peyton"
"2542",458423,17510,"Ol Parker"
"2543",324857,936670,"Bob Persichetti"
"2544",324857,151007,"Peter Ramsey"
"2545",324857,59918,"Rodney Rothman"
"2546",348350,6159,"Ron Howard"
"2547",337167,15890,"James Foley"
"2548",381719,82511,"Will Gluck"
"2549",400650,17633,"Rob Marshall"
"2550",447200,57633,"Rawson Marshall Thurber"
"2551",402900,23964,"Gary Ross"
"2552",268896,1213074,"Steven S. DeKnight"
"2553",336843,1179066,"Wes Ball"
"2554",338970,87877,"Roar Uthaug"
"2555",480530,1551545,"Steven Caple Jr."
"2556",446894,52845,"Karey Kirkpatrick"
"2557",420814,12995,"Marc Forster"
"2558",345887,20907,"Antoine Fuqua"
"2559",504172,190,"Clint Eastwood"
"2560",426543,5306,"Lasse Hallström"
"2561",426543,4945,"Joe Johnston"
"2562",346910,1108,"Shane Black"
"2563",401981,10943,"Francis Lawrence"
"2564",407451,929825,"Ava DuVernay"
"2565",491418,74619,"Sean Anders"
"2566",437543,93991,"Soi Cheang"
"2567",373449,91552,"Shankar"
"2568",369972,136495,"Damien Chazelle"
"2569",399360,11447,"Albert Hughes"
"2570",463319,607,"Zhang Yimou"
"2571",370567,57742,"John Stevenson"
"2572",375588,128276,"Otto Bathurst"
"2573",428078,1419579,"Christian Rivers"
"2574",429197,55710,"Adam McKay"
"2575",299534,19271,"Anthony Russo"
"2576",299534,19272,"Joe Russo"
"2577",420818,15277,"Jon Favreau"
"2578",330457,1120694,"Jennifer Lee"
"2579",330457,15774,"Chris Buck"
"2580",429617,1293994,"Jon Watts"
"2581",299537,53068,"Ryan Fleck"
"2582",299537,53069,"Anna Boden"
"2583",475557,57130,"Todd Phillips"
"2584",181812,15344,"J.J. Abrams"
"2585",301528,84496,"Josh Cooley"
"2586",420817,956,"Guy Ritchie"
"2587",512200,51851,"Jake Kasdan"
"2588",384018,40684,"David Leitch"
"2589",166428,69797,"Dean DeBlois"
"2590",420809,20307,"Joachim Rønning"
"2591",474350,1113116,"Andy Muschietti"
"2592",447404,65630,"Rob Letterman"
"2593",530915,39,"Sam Mendes"
"2594",412117,124748,"Chris Renaud"
"2595",399579,2294,"Robert Rodriguez"
"2596",466272,138,"Quentin Tarantino"
"2597",373571,11012,"Michael Dougherty"
"2598",287947,1302082,"David F. Sandberg"
"2599",329996,510,"Tim Burton"
"2600",331482,45400,"Greta Gerwig"
"2601",458156,40644,"Chad Stahelski"
"2602",546554,67367,"Rian Johnson"
"2603",290859,55252,"Tim Miller"
"2604",479455,37932,"F. Gary Gray"
"2605",320288,11092,"Simon Kinberg"
"2606",449924,63571,"Wilson Yip"
"2607",359724,366,"James Mangold"
"2608",481084,12080,"Conrad Vernon"
"2609",481084,142587,"Greg Tiernan"
"2610",280217,64151,"Mike Mitchell"
"2611",431580,7881,"Jill Culton"
"2612",453405,1614,"Ang Lee"
"2613",431693,1745178,"Nick Bruno"
"2614",431693,587699,"Troy Quane"
"2615",504608,974,"Dexter Fletcher"
"2616",454640,1245730,"Thurop Van Orman"
"2617",419704,20561,"James Gray"
"2618",522162,6046,"Roland Emmerich"
"2619",338967,91268,"Ruben Fleischer"
"2620",499701,26205,"James Bobin"
"2621",400157,231202,"Dylan Brown"
"2622",522938,589402,"Adrian Grünberg"
"2623",536869,70500,"Tom Hooper"
"2624",438650,95972,"Hans Petter Moland"
"2625",458897,9281,"Elizabeth Banks"
"2626",501170,551463,"Mike Flanagan"
"2627",456740,57581,"Neil Marshall"
"2628",454292,1454674,"Sujeeth"
"2629",512895,1218988,"Charlie Bean"
"2630",635302,1283010,"Haruo Sotozaki"
"2631",508935,131301,"Guan Hu"
"2632",38700,1399842,"Bilall Fallah"
"2633",38700,1399841,"Adil El Arbi"
"2634",577922,525,"Christopher Nolan"
"2635",454626,93364,"Jeff Fowler"
"2636",448119,2945,"Stephen Gaghan"
"2637",559974,92831,"Herman Yau"
"2638",529203,1450348,"Joel Crawford"
"2639",495764,1936668,"Cathy Yan"
"2640",464052,6884,"Patty Jenkins"
"2641",508439,225976,"Dan Scanlon"
"2642",508442,12890,"Pete Docter"
"2643",522627,956,"Guy Ritchie"
"2644",481848,66193,"Chris Sanders"
"2645",337401,15287,"Niki Caro"
"2646",524047,76422,"Ric Roman Waugh"
"2647",593402,114366,"Checco Zalone"
"2648",446893,118489,"Walt Dohrn"
"2649",340102,1053420,"Josh Boone"
"2650",584850,1407759,"Om Raut"
"2651",613504,11873,"Roger Kumble"
"2652",607313,1473728,"Anil Ravipudi"
"2653",425001,49903,"Tim Hill"
"2654",581392,939147,"Yeon Sang-ho"
"2655",458576,4014,"Paul W. S. Anderson"
"2656",443791,125324,"William Eubank"
"2657",338762,1773871,"Dave Wilson"
"2658",625568,126910,"Derrick Borte"
"2659",581526,75918,"Hong Won-chan"
"2660",628241,116923,"Trivikram Srinivas"
"2661",514207,80999,"Fyodor Bondarchuk"
"2662",385103,23683,"Tony Cervone"
"2663",589754,115122,"Dmitriy Dyachenko"
"2664",526019,61069,"Miguel Arteta"
"2665",556678,937147,"Autumn de Wilde"
"2666",589049,1572145,"Stella Meghie"
"2667",582014,1252934,"Emerald Fennell"
"2668",555974,62768,"William Brent Bell"
"2669",492611,98521,"Floria Sigismondi"
"2670",651881,14606,"Albert Dupontel"
"2671",585244,909318,"Andrew Erwin"
"2672",585244,844266,"Jon Erwin"
"2673",529485,77003,"Gavin O'Connor"
"2674",571384,131873,"Jacob Chase"
"2675",581032,25598,"Paul Greengrass"
"2676",644712,1170143,"Remo D'Souza"
"2677",613377,1186075,"Tarek Boudali"
"2678",702525,1324172,"Jérémie Degruson"
"2679",702525,76100,"Ben Stassen"
"2680",514847,79434,"Craig Zobel"
"2681",592834,13426,"Peter Segal"
"2682",634649,1293994,"Jon Watts"
"2683",779029,20640,"Chen Kaige"
"2684",779029,26760,"Tsui Hark"
"2685",779029,81220,"Dante Lam Chiu-Yin"
"2686",758891,1627287,"Jia Ling"
"2687",370172,87257,"Cary Joji Fukunaga"
"2688",385128,58189,"Justin Lin"
"2689",602666,1065761,"Chen Sicheng"
"2690",580489,1333,"Andy Serkis"
"2691",399566,98631,"Adam Wingard"
"2692",566525,1144604,"Destin Daniel Cretton"
"2693",438631,137427,"Denis Villeneuve"
"2694",438695,52842,"Garth Jennings"
"2695",524434,1395183,"Chloé Zhao"
"2696",497698,93286,"Cate Shortland"
"2697",550988,17825,"Shawn Levy"
"2698",520763,17697,"John Krasinski"
"2699",568124,76595,"Byron Howard"
"2700",568124,1318201,"Jared Bush"
"2701",337404,50767,"Craig Gillespie"
"2702",451048,59521,"Jaume Collet-Serra"
"2703",423108,1607672,"Michael Chaves"
"2704",425909,52443,"Jason Reitman"
"2705",503736,15217,"Zack Snyder"
"2706",436969,15218,"James Gunn"
"2707",379686,72024,"Malcolm D. Lee"
"2708",624860,9340,"Lana Wachowski"
"2709",644495,578,"Ridley Scott"
"2710",522478,82511,"Will Gluck"
"2711",459151,18864,"Tom McGrath"
"2712",587807,20400,"Tim Story"
"2713",895435,1627284,"Xunzimo Liu"
"2714",527774,227439,"Don Hall"
"2715",527774,1932178,"Carlos López Estrada"
"2716",476669,957,"Matthew Vaughn"
"2717",585245,68573,"Walt Becker"
"2718",637649,956,"Guy Ritchie"
"2719",511809,488,"Steven Spielberg"
"2720",522931,143059,"Patrick Hughes"
"2721",508943,930567,"Enrico Casarosa"
"2722",796499,16808,"Matthias Schweighöfer"
"2723",467909,54507,"Jon M. Chu"
"2724",637693,1400404,"Elaine Bogan"
"2725",597208,10828,"Guillermo del Toro"
"2726",614917,1415665,"Reinaldo Marcus Green"
"2727",568620,57270,"Robert Schwentke"
"2728",619778,2127,"James Wan"
"2729",718032,4762,"Paul Thomas Anderson"
"2730",592863,1966571,"Liesl Tommy"
"2731",617653,578,"Ridley Scott"
"2732",602269,54040,"John Lee Hancock"
"2733",412656,11694,"Doug Liman"
"2734",601337,85048,"Kabir Khan"
"2735",576845,11090,"Edgar Wright"
"2736",76600,2710,"James Cameron"
"2737",361743,86270,"Joseph Kosinski"
"2738",507086,930707,"Colin Trevorrow"
"2739",453395,7623,"Sam Raimi"
"2740",438148,8023,"Kyle Balda"
"2741",505642,1056121,"Ryan Coogler"
"2742",414906,32278,"Matt Reeves"
"2743",616037,55934,"Taika Waititi"
"2744",928123,26760,"Tsui Hark"
"2745",928123,81220,"Dante Lam Chiu-Yin"
"2746",928123,20640,"Chen Kaige"
"2747",315162,1450348,"Joel Crawford"
"2748",338953,11343,"David Yates"
"2749",335787,91268,"Ruben Fleischer"
"2750",675353,93364,"Jeff Fowler"
"2751",436270,59521,"Jaume Collet-Serra"
"2752",614934,6201,"Baz Luhrmann"
"2753",629542,1261455,"Pierre Perifel"
"2754",718930,40684,"David Leitch"
"2755",718789,7929,"Angus MacLane"
"2756",539681,89027,"Jared Stern"
"2757",752623,931525,"Aaron Nee"
"2758",752623,174313,"Adam Nee"
"2759",762504,291263,"Jordan Peele"
"2760",526896,125738,"Daniel Espinosa"
"2761",579974,147021,"S. S. Rajamouli"
"2762",682507,1668008,"Olivia Newman"
"2763",545611,1317730,"Daniel Scheinert"
"2764",545611,1383612,"Daniel Kwan"
"2765",646385,1039527,"Tyler Gillett"
"2766",646385,66681,"Matt Bettinelli-Olpin"
"2767",505026,11181,"Kenneth Branagh"
"2768",937278,12995,"Marc Forster"
"2769",616820,64141,"David Gordon Green"
"2770",830784,60923,"Will Speck"
"2771",830784,60922,"Josh Gordon"
"2772",724495,71947,"Gina Prince-Bythewood"
"2773",820446,133502,"Simon Curtis"
"2774",619730,59315,"Olivia Wilde"
"2775",593643,57199,"Mark Mylod"
"2776",629176,1299642,"Julius Avery"
"2777",877269,227439,"Don Hall"
"2778",639933,138781,"Robert Eggers"
"2779",406759,6046,"Roland Emmerich"
"2780",615777,136495,"Damien Chazelle"
"2781",696157,51864,"Kasi Lemmons"
"2782",660046,78747,"Mani Ratnam"
"2783",522016,11092,"Simon Kinberg"
"2784",982683,3116847,"Abdullah Al-Badr"
"2785",763285,865,"Michael Bay"
"2786",804095,488,"Steven Spielberg"
"2787",366672,18898,"Rob Minkoff"
"2788",366672,173394,"Chris Bailey"
"2789",366672,1535020,"Mark Koetsier"
"2790",668482,111807,"Matthew Warchus"
"2791",504827,1815481,"Bernard Derriman"
"2792",504827,1230593,"Loren Bouchard"
"2793",664469,17883,"David O. Russell"
"2794",648579,1211000,"Tom Gormican"
"2795",346698,45400,"Greta Gerwig"
"2796",502356,1719706,"Aaron Horvath"
"2797",502356,113901,"Michael Jelenic"
"2798",872585,525,"Christopher Nolan"
"2799",447365,15218,"James Gunn"
"2800",385687,18865,"Louis Leterrier"
"2801",569094,2451598,"Kemp Powers"
"2802",569094,1046497,"Justin K. Thompson"
"2803",569094,89596,"Joaquim Dos Santos"
"2804",787699,101666,"Paul King"
"2805",575264,9033,"Christopher McQuarrie"
"2806",447277,17633,"Rob Marshall"
"2807",976573,21198,"Peter Sohn"
"2808",640146,59026,"Peyton Reed"
"2809",667538,1551545,"Steven Caple Jr."
"2810",572802,2127,"James Wan"
"2811",603692,40644,"Chad Stahelski"
"2812",615656,137467,"Ben Wheatley"
"2813",335977,366,"James Mangold"
"2814",856289,232685,"Wuershan"
"2815",695721,10943,"Francis Lawrence"
"2816",940551,1092607,"Benjamin Renner"
"2817",508883,608,"Hayao Miyazaki"
"2818",677179,135651,"Michael B. Jordan"
"2819",298618,1113116,"Andy Muschietti"
"2820",968051,1607672,"Michael Chaves"
"2821",1022796,15774,"Chris Buck"
"2822",1022796,2375591,"Fawn Veerasunthorn"
"2823",753342,578,"Ridley Scott"
"2824",901362,118489,"Walt Dohrn"
"2825",493529,1236679,"Jonathan Goldstein"
"2826",493529,52935,"John Francis Daley"
"2827",609681,1795072,"Nia DaCosta"
"2828",926393,20907,"Antoine Fuqua"
"2829",614930,1578590,"Jeff Rowe"
"2830",934433,66681,"Matt Bettinelli-Olpin"
"2831",934433,1039527,"Tyler Gillett"
"2832",466420,1032,"Martin Scorsese"
"2833",872906,1209903,"Atlee"
"2834",594767,1302082,"David F. Sandberg"
"2835",565770,1500758,"Ángel Manuel Soto"
"2836",980489,82194,"Neill Blomkamp"
"2837",945729,11181,"Kenneth Branagh"
"2838",792307,122423,"Yorgos Lanthimos"
"2839",616747,1059571,"Justin Simien"
"2840",670292,129894,"Gareth Edwards"
"2841",964980,880,"Ben Affleck"
"2842",884605,84416,"Gene Stupnitsky"
"2843",949229,1592411,"Lokesh Kanagaraj"
"2844",558915,1507725,"Blitz Bazawule"
"2845",700391,1317685,"Scott Beck"
"2846",700391,1317686,"Bryan Woods"
"2847",720557,224221,"Maneesh Sharma"
"2848",823452,1461,"George Clooney"
"2849",734253,1407759,"Om Raut"
"2850",906221,1884,"Steven Soderbergh"
"2851",739405,956,"Guy Ritchie"
"2852",1022789,182001,"Kelsey Mann"
"2853",533535,17825,"Shawn Levy"
"2854",1241982,4524084,"David G. Derrick Jr."
"2855",1241982,1461394,"Jason Hand"
"2856",1241982,1513971,"Dana Ledoux Miller"
"2857",519182,124748,"Chris Renaud"
"2858",402431,54507,"Jon M. Chu"
"2859",762509,92784,"Barry Jenkins"
"2860",693134,137427,"Denis Villeneuve"
"2861",823464,98631,"Adam Wingard"
"2862",1011985,64151,"Mike Mitchell"
"2863",939243,93364,"Jeff Fowler"
"2864",912649,940376,"Kelly Marcel"
"2865",558449,578,"Ridley Scott"
"2866",917496,510,"Tim Burton"
"2867",1229349,1627287,"Jia Ling"
"2868",573435,1399841,"Adil El Arbi"
"2869",573435,1399842,"Bilall Fallah"
"2870",653346,1179066,"Wes Ball"
"2871",718821,931952,"Lee Isaac Chung"
"2872",945961,932248,"Fede Álvarez"
"2873",1184918,66193,"Chris Sanders"
"2874",1228564,2239433,"Huida Lin"
"2875",762441,2580328,"Michael Sarnoski"
"2876",748783,61411,"Mark Dindal"
"2877",857598,237051,"Sukumar"
"2878",889737,57130,"Todd Phillips"
"2879",967847,57193,"Gil Kenan"
"2880",639720,17697,"John Krasinski"
"2881",845781,51851,"Jake Kasdan"
"2882",426063,138781,"Robert Eggers"
"2883",746036,40684,"David Leitch"
"2884",802219,1415665,"Reinaldo Marcus Green"
"2885",786892,20629,"George Miller"
"2886",516729,1717526,"Dougal Wilson"
"2887",866398,19769,"David Ayer"
"2888",801688,1508808,"Nag Ashwin"
"2889",661539,366,"James Mangold"
"2890",698687,84496,"Josh Cooley"
"2891",1128650,1341,"Donnie Yen"
"2892",929590,2036,"Alex Garland"
"2893",673593,1438991,"Arturo Perez Jr."
"2894",673593,1438990,"Samantha Jayne"
"2895",634492,223551,"S.J. Clarkson"
"2896",848538,957,"Matthew Vaughn"
"2897",923667,93991,"Soi Cheang"
"2898",937287,78160,"Luca Guadagnino"
"2899",1032823,11614,"M. Night Shyamalan"
"2900",1084736,58255,"Alexandre de La Patellière"
"2901",1084736,57558,"Matthieu Delaporte"
"2902",539972,556172,"J.C. Chandor"
"2903",811941,1168111,"Koratala Siva"
"2904",437342,1706480,"Arkasha Stevenson"
"2905",1086747,2957803,"Ishana Night Shyamalan"
"2906",1129608,150690,"Venkat Prabhu"
